"Date","Price","Open","High","Low","Vol.","Change %"
"10/03/2025","6.85","6.84","6.89","6.81","2.88M","0.15%"
"10/02/2025","6.84","6.85","6.92","6.80","2.59M","-0.73%"
"10/01/2025","6.89","6.97","6.98","6.85","4.02M","-0.86%"
"09/30/2025","6.95","7.02","7.02","6.91","5.34M","-0.57%"
"09/29/2025","6.99","6.92","7.01","6.91","4.50M","1.90%"
"09/26/2025","6.86","7.11","7.11","6.76","6.40M","0.18%"
"09/25/2025","6.85","6.96","7.02","6.84","7.85M","-1.98%"
"09/24/2025","6.99","7.02","7.07","6.96","4.28M","-0.98%"
"09/23/2025","7.06","7.00","7.09","6.95","4.32M","1.28%"
"09/22/2025","6.97","7.03","7.05","6.87","4.72M","-1.12%"
"09/19/2025","7.05","6.99","7.05","6.93","7.79M","0.22%"
"09/18/2025","7.03","7.11","7.11","6.97","9.11M","-0.71%"
"09/17/2025","7.08","7.01","7.15","6.96","5.20M","0.71%"
"09/16/2025","7.03","7.01","7.05","6.92","3.50M","0.43%"
"09/15/2025","7.00","6.94","7.07","6.94","3.72M","-0.57%"
"09/12/2025","7.04","7.05","7.05","6.90","3.64M","-0.28%"
"09/11/2025","7.06","6.95","7.12","6.93","3.01M","0.71%"
"09/10/2025","7.01","7.06","7.07","6.89","6.36M","-0.71%"
"09/09/2025","7.06","7.12","7.12","7.00","6.70M","-1.12%"
"09/08/2025","7.14","7.28","7.32","7.10","2.97M","-1.92%"
"09/05/2025","7.28","7.18","7.39","7.18","3.66M","1.39%"
"09/04/2025","7.18","7.04","7.18","7.02","2.55M","2.13%"
"09/03/2025","7.03","7.04","7.14","7.00","3.85M","-0.42%"
"09/02/2025","7.06","7.13","7.15","7.02","2.77M","-1.40%"
"09/01/2025","7.16","7.32","7.32","7.15","1.59M","-1.92%"
"08/29/2025","7.30","7.21","7.37","7.16","4.10M","0.69%"
"08/28/2025","7.25","7.04","7.33","7.04","5.36M","3.57%"
"08/27/2025","7.00","6.97","7.04","6.89","3.15M","1.01%"
"08/26/2025","6.93","6.91","6.98","6.91","1.48M","0.29%"
"08/25/2025","6.91","7.00","7.04","6.91","2.17M","-0.43%"
"08/22/2025","6.94","6.78","7.01","6.77","4.96M","2.36%"
"08/21/2025","6.78","6.87","6.90","6.74","6.11M","-0.88%"
"08/20/2025","6.84","6.77","6.88","6.70","4.19M","1.03%"
"08/19/2025","6.77","7.02","7.04","6.77","3.23M","-4.24%"
"08/18/2025","7.07","7.05","7.16","7.02","2.32M","0.43%"
"08/15/2025","7.04","7.00","7.04","6.90","4.86M","0.00%"
"08/14/2025","7.04","7.06","7.10","6.91","7.03M","-0.98%"
"08/13/2025","7.11","7.59","7.60","7.02","23.63M","-6.94%"
"08/12/2025","7.64","7.49","7.68","7.49","2.28M","2.00%"
"08/11/2025","7.49","7.59","7.62","7.45","2.15M","-1.19%"
"08/08/2025","7.58","7.74","7.74","7.58","2.23M","-1.04%"
"08/07/2025","7.66","7.59","7.73","7.53","1.71M","1.19%"
"08/06/2025","7.57","7.37","7.58","7.34","2.86M","2.71%"
"08/05/2025","7.37","7.33","7.42","7.28","1.62M","0.00%"
"08/04/2025","7.37","7.39","7.39","7.22","3.00M","0.00%"
"08/01/2025","7.37","7.34","7.47","7.27","2.99M","0.55%"
"07/31/2025","7.33","7.37","7.41","7.27","2.20M","-1.35%"
"07/30/2025","7.43","7.35","7.45","7.23","2.79M","1.36%"
"07/29/2025","7.33","7.36","7.39","7.26","2.47M","-0.41%"
"07/28/2025","7.36","7.58","7.60","7.35","10.16M","-2.90%"
"07/25/2025","7.58","7.44","7.58","7.35","4.42M","2.02%"
"07/24/2025","7.43","7.65","7.65","7.38","3.19M","-2.37%"
"07/23/2025","7.61","7.52","7.68","7.50","1.21M","1.33%"
"07/22/2025","7.51","7.64","7.65","7.51","2.60M","-1.31%"
"07/21/2025","7.61","7.72","7.74","7.58","1.91M","-1.30%"
"07/18/2025","7.71","7.92","7.92","7.69","6.02M","-2.65%"
"07/17/2025","7.92","7.91","7.95","7.73","4.02M","0.25%"
"07/16/2025","7.90","7.83","7.98","7.68","4.45M","1.28%"
"07/15/2025","7.80","7.77","7.84","7.70","4.66M","0.65%"
"07/14/2025","7.75","7.92","7.95","7.69","2.67M","-2.52%"
"07/11/2025","7.95","7.95","8.06","7.91","2.03M","-0.75%"
"07/10/2025","8.01","7.85","8.08","7.85","3.01M","0.75%"
"07/09/2025","7.95","8.15","8.15","7.89","3.98M","-2.09%"
"07/08/2025","8.12","7.98","8.13","7.98","2.49M","1.25%"
"07/07/2025","8.02","8.08","8.15","7.99","2.00M","-0.74%"
"07/04/2025","8.08","8.05","8.15","7.96","1.14M","0.50%"
"07/03/2025","8.04","7.96","8.15","7.95","4.28M","1.64%"
"07/02/2025","7.91","8.24","8.27","7.85","5.74M","-3.77%"
"07/01/2025","8.22","8.17","8.38","8.15","4.34M","0.61%"
"06/30/2025","8.17","7.91","8.22","7.79","6.48M","3.42%"
"06/27/2025","7.90","7.93","7.95","7.82","2.23M","-0.54%"
"06/26/2025","7.94","7.82","7.98","7.82","1.99M","1.91%"
"06/25/2025","7.79","7.88","7.88","7.70","1.99M","-0.88%"
"06/24/2025","7.86","7.69","7.89","7.65","3.28M","2.59%"
"06/23/2025","7.67","7.65","7.69","7.54","2.90M","0.00%"
"06/20/2025","7.67","7.84","7.85","7.64","5.75M","-3.58%"
"06/18/2025","7.95","8.00","8.04","7.85","2.81M","-0.63%"
"06/17/2025","8.00","7.86","8.02","7.86","3.08M","1.01%"
"06/16/2025","7.92","7.85","8.00","7.74","2.57M","1.80%"
"06/13/2025","7.78","7.90","7.90","7.74","1.58M","-2.14%"
"06/12/2025","7.95","7.86","8.05","7.80","2.03M","0.63%"
"06/11/2025","7.90","7.84","7.99","7.71","1.98M","0.77%"
"06/10/2025","7.84","7.77","8.03","7.77","4.30M","1.42%"
"06/09/2025","7.73","7.75","7.80","7.64","2.05M","-1.15%"
"06/06/2025","7.82","7.82","7.91","7.69","11.37M","-0.38%"
"06/05/2025","7.85","7.97","8.09","7.82","2.04M","-2.00%"
"06/04/2025","8.01","8.02","8.11","7.97","2.74M","-0.12%"
"06/03/2025","8.02","7.90","8.02","7.85","3.43M","1.65%"
"06/02/2025","7.89","7.93","8.08","7.70","5.11M","-1.25%"
"05/30/2025","7.99","7.99","8.05","7.85","2.84M","-0.13%"
"05/29/2025","8.00","8.18","8.21","7.95","3.28M","-1.72%"
"05/28/2025","8.14","8.14","8.19","8.04","1.73M","0.12%"
"05/27/2025","8.13","7.90","8.15","7.89","4.59M","2.91%"
"05/26/2025","7.90","7.76","7.93","7.76","1.80M","1.80%"
"05/23/2025","7.76","7.68","7.79","7.53","2.12M","-0.26%"
"05/22/2025","7.78","7.52","7.90","7.41","2.88M","1.97%"
"05/21/2025","7.63","7.91","7.92","7.58","2.86M","-4.15%"
"05/20/2025","7.96","7.89","7.97","7.78","2.14M","0.38%"
"05/19/2025","7.93","7.78","8.00","7.74","2.17M","1.80%"
"05/16/2025","7.79","7.66","7.79","7.58","2.98M","0.91%"
"05/15/2025","7.72","7.58","7.83","7.58","4.07M","1.31%"
"05/14/2025","7.62","7.67","7.71","7.58","2.16M","-0.91%"
"05/13/2025","7.69","7.52","7.78","7.49","2.01M","2.53%"
"05/12/2025","7.50","7.61","7.69","7.39","2.24M","-1.06%"
"05/09/2025","7.58","7.67","7.77","7.57","2.35M","-1.17%"
"05/08/2025","7.67","7.69","7.93","7.61","3.76M","0.92%"
"05/07/2025","7.60","7.67","7.70","7.50","3.59M","-1.04%"
"05/06/2025","7.68","7.77","7.85","7.49","6.61M","-0.26%"
"05/05/2025","7.70","7.78","7.83","7.63","2.49M","-0.65%"
"05/02/2025","7.75","7.78","7.83","7.67","4.17M","0.65%"
"04/30/2025","7.70","7.66","7.82","7.58","4.79M","-0.13%"
"04/29/2025","7.71","7.65","7.86","7.57","4.72M","1.45%"
"04/28/2025","7.60","7.64","7.71","7.56","3.44M","0.00%"
"04/25/2025","7.60","7.63","7.75","7.57","4.51M","0.00%"
"04/24/2025","7.60","7.47","7.79","7.35","5.17M","2.29%"
"04/23/2025","7.43","7.48","7.55","7.34","3.24M","1.36%"
"04/22/2025","7.33","7.49","7.52","7.33","2.96M","-1.87%"
"04/17/2025","7.47","7.38","7.47","7.26","4.38M","1.22%"
"04/16/2025","7.38","7.41","7.45","7.29","3.22M","-0.81%"
"04/15/2025","7.44","7.47","7.48","7.35","3.11M","0.00%"
"04/14/2025","7.44","7.61","7.72","7.41","3.77M","-1.72%"
"04/11/2025","7.57","7.47","7.70","7.36","7.09M","1.75%"
"04/10/2025","7.44","7.24","7.44","7.19","7.36M","2.48%"
"04/09/2025","7.26","6.71","7.27","6.68","5.05M","7.40%"
"04/08/2025","6.76","7.00","7.01","6.74","3.73M","-2.73%"
"04/07/2025","6.95","6.86","7.19","6.79","3.83M","-1.28%"
"04/04/2025","7.04","7.47","7.51","6.97","4.27M","-7.12%"
"04/03/2025","7.58","7.12","7.62","7.08","8.69M","6.46%"
"04/02/2025","7.12","7.03","7.18","7.01","3.06M","1.28%"
"04/01/2025","7.03","6.77","7.09","6.74","2.69M","3.69%"
"03/31/2025","6.78","6.90","6.96","6.78","4.20M","-3.00%"
"03/28/2025","6.99","7.08","7.11","6.96","5.31M","-1.13%"
"03/27/2025","7.07","6.86","7.19","6.79","6.10M","3.21%"
"03/26/2025","6.85","6.69","6.91","6.69","3.57M","1.77%"
"03/25/2025","6.73","6.59","6.79","6.56","3.06M","2.26%"
"03/24/2025","6.58","6.72","6.77","6.57","5.16M","-1.78%"
"03/21/2025","6.70","6.71","6.72","6.61","2.60M","0.30%"
"03/20/2025","6.68","6.74","6.77","6.64","2.32M","-3.03%"
"03/19/2025","6.89","6.75","6.91","6.71","4.06M","6.00%"
"03/18/2025","6.50","6.41","6.55","6.34","2.82M","1.56%"
"03/17/2025","6.40","6.44","6.46","6.27","3.10M","-0.78%"
"03/14/2025","6.45","6.32","6.49","6.32","2.60M","2.06%"
"03/13/2025","6.32","6.36","6.39","6.22","1.98M","-0.63%"
"03/12/2025","6.36","6.19","6.36","6.19","3.07M","2.42%"
"03/11/2025","6.21","6.28","6.29","6.14","2.35M","-0.64%"
"03/10/2025","6.25","6.30","6.31","6.18","3.26M","-0.95%"
"03/07/2025","6.31","6.17","6.31","6.07","4.77M","2.27%"
"03/06/2025","6.17","6.29","6.29","6.08","4.20M","-1.28%"
"03/05/2025","6.25","6.30","6.33","6.19","2.51M","-2.04%"
"02/28/2025","6.38","6.61","6.66","6.37","6.63M","-3.33%"
"02/27/2025","6.60","6.68","6.72","6.55","4.21M","-1.35%"
"02/26/2025","6.69","6.87","6.88","6.62","5.24M","-1.91%"
"02/25/2025","6.82","6.76","7.08","6.70","5.55M","0.59%"
"02/24/2025","6.78","6.88","6.96","6.73","3.98M","-2.31%"
"02/21/2025","6.94","6.99","7.04","6.88","3.68M","-0.72%"
"02/20/2025","6.99","6.98","7.12","6.95","3.61M","0.29%"
"02/19/2025","6.97","7.10","7.13","6.96","3.34M","-2.11%"
"02/18/2025","7.12","7.36","7.37","7.04","6.51M","-3.13%"
"02/17/2025","7.35","7.12","7.46","7.09","7.14M","3.23%"
"02/14/2025","7.12","6.73","7.12","6.73","7.19M","5.33%"
"02/13/2025","6.76","6.58","6.82","6.51","4.49M","2.74%"
"02/12/2025","6.58","6.65","6.68","6.49","3.35M","-1.35%"
"02/11/2025","6.67","6.52","6.82","6.47","4.44M","2.30%"
"02/10/2025","6.52","6.60","6.74","6.50","2.90M","-1.36%"
"02/07/2025","6.61","6.83","6.83","6.53","3.30M","-2.65%"
"02/06/2025","6.79","6.74","6.84","6.66","2.82M","1.49%"
"02/05/2025","6.69","6.69","6.74","6.61","2.33M","-0.15%"
"02/04/2025","6.70","6.68","6.75","6.64","2.74M","-0.15%"
"02/03/2025","6.71","6.61","6.75","6.57","4.01M","0.45%"
"01/31/2025","6.68","6.66","6.75","6.56","5.16M","0.15%"
"01/30/2025","6.67","6.42","6.71","6.42","3.32M","3.57%"
"01/29/2025","6.44","6.46","6.53","6.41","2.38M","-0.77%"
"01/28/2025","6.49","6.50","6.58","6.46","3.49M","-0.61%"
"01/27/2025","6.53","6.29","6.62","6.28","5.60M","3.65%"
"01/24/2025","6.30","6.25","6.41","6.23","4.03M","0.32%"
"01/23/2025","6.28","6.36","6.44","6.16","3.64M","-1.26%"
"01/22/2025","6.36","6.30","6.47","6.28","4.48M","0.95%"
"01/21/2025","6.30","6.16","6.30","6.10","2.84M","2.44%"
"01/20/2025","6.15","6.21","6.28","6.14","2.73M","-1.76%"
"01/17/2025","6.26","6.19","6.29","6.06","4.17M","1.62%"
"01/16/2025","6.16","6.23","6.23","6.08","3.97M","-0.16%"
"01/15/2025","6.17","6.01","6.22","5.93","4.62M","3.70%"
"01/14/2025","5.95","5.89","5.96","5.85","3.42M","1.02%"
"01/13/2025","5.89","5.97","5.98","5.87","3.67M","-1.34%"
"01/10/2025","5.97","6.07","6.07","5.85","3.54M","-1.00%"
"01/09/2025","6.03","6.03","6.08","5.97","3.53M","-0.17%"
"01/08/2025","6.04","6.22","6.22","6.00","3.43M","-2.89%"
"01/07/2025","6.22","6.14","6.28","6.13","6.26M","1.80%"
"01/06/2025","6.11","5.98","6.12","5.97","6.13M","2.52%"
"01/03/2025","5.96","6.07","6.09","5.88","4.73M","-1.49%"
"01/02/2025","6.05","6.33","6.37","6.05","6.34M","-5.32%"
"12/30/2024","6.39","6.48","6.56","6.23","4.15M","-1.69%"
"12/27/2024","6.50","6.94","6.98","6.43","5.93M","-6.34%"
"12/26/2024","6.94","6.99","7.02","6.90","5.26M","-0.14%"
"12/23/2024","6.95","6.92","6.96","6.82","5.45M","-0.43%"
"12/20/2024","6.98","6.78","6.98","6.66","8.49M","3.25%"
"12/19/2024","6.76","6.64","6.79","6.62","4.70M","1.35%"
"12/18/2024","6.67","6.83","6.89","6.62","4.79M","-2.77%"
"12/17/2024","6.86","6.74","6.92","6.66","4.06M","1.78%"
"12/16/2024","6.74","6.89","6.89","6.67","4.39M","-1.17%"
"12/13/2024","6.82","7.06","7.06","6.82","4.01M","-3.12%"
"12/12/2024","7.04","7.43","7.45","6.97","5.44M","-5.25%"
"12/11/2024","7.43","7.41","7.64","7.30","8.03M","1.36%"
"12/10/2024","7.33","7.15","7.42","7.09","8.25M","2.95%"
"12/09/2024","7.12","7.10","7.21","6.98","3.06M","0.00%"
"12/06/2024","7.12","7.16","7.22","7.07","5.19M","-0.56%"
"12/05/2024","7.16","7.12","7.36","7.12","6.77M","0.99%"
"12/04/2024","7.09","7.17","7.22","7.08","7.40M","-1.12%"
"12/03/2024","7.17","7.05","7.21","7.03","7.06M","2.14%"
"12/02/2024","7.02","7.03","7.11","6.97","7.63M","0.57%"
"11/29/2024","6.98","6.97","7.07","6.85","4.19M","0.14%"
"11/28/2024","6.97","7.23","7.23","6.97","5.02M","-3.19%"
"11/27/2024","7.20","7.32","7.40","7.13","4.30M","-1.64%"
"11/26/2024","7.32","7.30","7.36","7.14","5.55M","1.67%"
"11/25/2024","7.20","7.25","7.32","7.20","4.76M","-0.69%"
"11/22/2024","7.25","7.02","7.25","6.97","4.11M","3.28%"
"11/21/2024","7.02","7.06","7.09","6.98","4.10M","-0.57%"
"11/19/2024","7.06","7.16","7.26","7.06","3.24M","-1.40%"
"11/18/2024","7.16","7.20","7.38","7.13","3.95M","-1.10%"
"11/14/2024","7.24","7.38","7.39","7.18","4.48M","-1.76%"
"11/13/2024","7.37","7.40","7.50","7.26","3.69M","-0.54%"
"11/12/2024","7.41","7.58","7.82","7.40","7.13M","-0.20%"
"11/11/2024","7.42","7.30","7.51","7.30","4.73M","1.36%"
"11/08/2024","7.33","7.32","7.36","7.18","2.61M","-0.67%"
"11/07/2024","7.37","7.61","7.69","7.30","2.62M","-3.26%"
"11/06/2024","7.62","7.55","7.65","7.39","2.16M","0.13%"
"11/05/2024","7.61","7.54","7.64","7.47","2.02M","0.26%"
"11/04/2024","7.59","7.49","7.62","7.34","2.84M","2.41%"
"11/01/2024","7.41","7.60","7.65","7.37","3.32M","-1.58%"
"10/31/2024","7.53","7.37","7.53","7.37","8.46M","1.47%"
"10/30/2024","7.42","7.16","7.46","7.16","2.56M","3.75%"
"10/29/2024","7.16","7.34","7.36","7.12","3.73M","-2.44%"
"10/28/2024","7.34","7.30","7.38","7.23","3.35M","1.37%"
"10/25/2024","7.24","7.41","7.43","7.23","5.72M","-2.02%"
"10/24/2024","7.38","7.39","7.43","7.26","4.55M","-0.13%"
"10/23/2024","7.39","7.29","7.44","7.29","3.43M","0.54%"
"10/22/2024","7.35","7.24","7.35","7.14","2.74M","1.09%"
"10/21/2024","7.28","7.28","7.33","7.17","2.98M","0.00%"
"10/18/2024","7.28","7.46","7.48","7.27","2.45M","-2.14%"
"10/17/2024","7.43","7.33","7.48","7.27","2.12M","0.27%"
"10/16/2024","7.41","7.34","7.42","7.21","3.75M","1.91%"
"10/15/2024","7.28","7.22","7.34","7.21","2.23M","0.97%"
"10/14/2024","7.21","7.21","7.32","7.17","3.00M","-0.41%"
"10/11/2024","7.24","7.17","7.27","7.02","4.14M","0.83%"
"10/10/2024","7.18","7.26","7.32","7.18","2.80M","-0.28%"
"10/09/2024","7.20","7.34","7.34","7.18","1.83M","-2.03%"
"10/08/2024","7.34","7.17","7.40","7.17","2.28M","1.65%"
"10/07/2024","7.23","7.25","7.37","7.17","2.43M","-1.09%"
"10/04/2024","7.31","7.36","7.38","7.22","2.37M","-0.54%"
"10/03/2024","7.34","7.43","7.47","7.34","3.13M","-1.73%"
"10/02/2024","7.47","7.27","7.52","7.27","3.28M","2.73%"
"10/01/2024","7.28","7.44","7.44","7.28","4.90M","-1.21%"
"09/30/2024","7.36","7.42","7.47","7.28","3.76M","-1.33%"
"09/27/2024","7.46","7.29","7.59","7.29","3.11M","1.97%"
"09/26/2024","7.32","7.09","7.34","7.06","3.41M","4.37%"
"09/25/2024","7.01","7.21","7.27","6.98","3.03M","-2.74%"
"09/24/2024","7.21","7.05","7.24","7.05","2.17M","2.38%"
"09/23/2024","7.04","7.01","7.08","6.97","3.10M","-0.42%"
"09/20/2024","7.07","7.11","7.16","6.91","4.64M","-0.56%"
"09/19/2024","7.11","7.43","7.43","7.05","2.22M","-2.70%"
"09/18/2024","7.31","7.32","7.41","7.24","6.08M","-0.27%"
"09/17/2024","7.33","7.31","7.37","7.24","1.90M","-0.27%"
"09/16/2024","7.35","7.31","7.38","7.26","2.04M","-0.40%"
"09/13/2024","7.38","7.55","7.57","7.30","5.55M","-2.48%"
"09/12/2024","7.57","7.85","7.86","7.55","3.11M","-4.13%"
"09/11/2024","7.89","7.78","7.93","7.68","6.34M","1.52%"
"09/10/2024","7.77","7.74","7.84","7.66","4.29M","0.64%"
"09/09/2024","7.72","7.60","7.81","7.47","11.83M","-3.22%"
"09/06/2024","7.98","7.88","8.04","7.87","3.37M","1.00%"
"09/05/2024","7.90","7.86","7.93","7.78","1.36M","0.25%"
"09/04/2024","7.88","7.72","7.94","7.70","2.16M","2.05%"
"09/03/2024","7.72","7.73","7.86","7.65","2.49M","-0.89%"
"09/02/2024","7.79","7.72","7.82","7.58","2.28M","0.13%"
"08/30/2024","7.78","7.84","7.87","7.67","2.41M","-0.51%"
"08/29/2024","7.82","7.93","7.98","7.79","2.98M","-1.37%"
"08/28/2024","7.93","8.02","8.06","7.88","4.90M","-1.35%"
"08/27/2024","8.04","7.87","8.10","7.87","2.39M","1.62%"
"08/26/2024","7.91","7.91","8.01","7.84","2.35M","0.00%"
"08/23/2024","7.91","7.74","7.98","7.70","3.02M","1.78%"
"08/22/2024","7.77","7.82","7.91","7.67","2.06M","0.13%"
"08/21/2024","7.76","7.75","7.85","7.65","1.42M","0.13%"
"08/20/2024","7.75","7.75","7.89","7.71","2.26M","-0.76%"
"08/19/2024","7.81","7.89","7.89","7.76","2.63M","0.13%"
"08/16/2024","7.80","7.98","7.99","7.75","2.95M","-1.25%"
"08/15/2024","7.90","7.95","7.99","7.81","1.79M","-0.74%"
"08/14/2024","7.96","7.75","8.02","7.75","2.04M","1.38%"
"08/13/2024","7.85","7.90","8.02","7.76","2.24M","-0.25%"
"08/12/2024","7.87","7.80","7.97","7.73","3.39M","0.38%"
"08/09/2024","7.84","7.60","7.87","7.60","4.36M","3.12%"
"08/08/2024","7.61","7.36","7.70","7.34","4.56M","3.36%"
"08/07/2024","7.36","7.06","7.42","7.03","4.57M","5.23%"
"08/06/2024","6.99","6.97","7.09","6.93","2.99M","0.43%"
"08/05/2024","6.96","6.70","6.98","6.66","2.83M","0.86%"
"08/02/2024","6.90","6.63","6.90","6.61","4.38M","2.79%"
"08/01/2024","6.72","6.61","6.84","6.61","3.21M","1.64%"
"07/31/2024","6.61","6.59","6.70","6.59","3.17M","0.30%"
"07/30/2024","6.59","6.62","6.66","6.50","2.66M","0.00%"
"07/29/2024","6.59","6.86","6.87","6.58","4.85M","-3.47%"
"07/26/2024","6.83","6.89","6.89","6.75","4.15M","0.00%"
"07/25/2024","6.83","6.93","6.96","6.83","1.88M","-1.85%"
"07/24/2024","6.95","7.09","7.15","6.93","2.94M","-1.12%"
"07/23/2024","7.03","7.14","7.15","7.01","1.44M","-1.52%"
"07/22/2024","7.14","7.06","7.20","6.99","1.80M","1.54%"
"07/19/2024","7.03","7.05","7.16","7.02","2.25M","-0.56%"
"07/18/2024","7.07","7.32","7.32","6.97","6.97M","-2.98%"
"07/17/2024","7.29","7.31","7.42","7.24","2.83M","-0.14%"
"07/16/2024","7.30","7.18","7.30","7.12","2.34M","1.23%"
"07/15/2024","7.21","7.19","7.25","7.12","1.19M","0.14%"
"07/12/2024","7.20","7.16","7.29","7.07","2.69M","0.41%"
"07/11/2024","7.17","7.19","7.28","7.07","3.76M","0.14%"
"07/10/2024","7.16","7.22","7.29","7.13","4.52M","-0.96%"
"07/09/2024","7.23","7.24","7.28","7.17","1.98M","-0.54%"
"07/08/2024","7.27","7.19","7.43","7.19","6.77M","0.55%"
"07/05/2024","7.23","7.05","7.31","6.96","3.39M","2.52%"
"07/04/2024","7.05","6.95","7.12","6.95","2.18M","2.29%"
"07/03/2024","6.89","6.79","7.04","6.78","6.74M","1.90%"
"07/02/2024","6.77","6.74","6.84","6.68","2.97M","0.15%"
"07/01/2024","6.76","6.84","6.86","6.72","3.68M","-1.30%"
"06/28/2024","6.85","7.06","7.14","6.76","5.25M","-3.21%"
"06/27/2024","7.07","6.89","7.11","6.81","5.63M","2.87%"
"06/26/2024","6.88","6.92","6.99","6.77","5.63M","-1.83%"
"06/25/2024","7.00","6.99","7.11","6.90","4.12M","-0.14%"
"06/24/2024","7.01","7.05","7.13","6.91","3.44M","-0.70%"
"06/21/2024","7.06","6.99","7.14","6.97","2.19M","0.14%"
"06/20/2024","7.05","7.07","7.29","7.03","2.21M","-1.38%"
"06/19/2024","7.15","7.05","7.15","6.94","2.61M","1.12%"
"06/18/2024","7.07","7.02","7.18","6.93","1.75M","0.56%"
"06/17/2024","7.03","7.06","7.16","7.03","3.31M","-1.10%"
"06/14/2024","7.11","7.23","7.28","7.09","3.60M","-1.63%"
"06/13/2024","7.23","7.35","7.39","7.15","4.70M","-2.12%"
"06/12/2024","7.39","7.62","7.74","7.30","2.58M","-2.08%"
"06/11/2024","7.54","7.49","7.68","7.49","1.81M","0.79%"
"06/10/2024","7.48","7.64","7.64","7.41","1.24M","-1.67%"
"06/07/2024","7.61","7.64","7.76","7.55","6.75M","-1.02%"
"06/06/2024","7.69","7.61","7.80","7.57","4.43M","0.64%"
"06/05/2024","7.64","7.48","7.71","7.43","4.34M","1.96%"
"06/04/2024","7.49","7.60","7.63","7.44","2.95M","-1.92%"
"06/03/2024","7.64","7.62","7.69","7.57","8.31M","0.26%"
"05/31/2024","7.62","7.64","7.72","7.55","7.71M","-0.77%"
"05/29/2024","7.68","7.37","7.75","7.37","6.70M","4.53%"
"05/28/2024","7.35","7.41","7.48","7.33","1.26M","-0.79%"
"05/27/2024","7.41","7.34","7.47","7.26","2.00M","-0.74%"
"05/25/2024","7.46","7.46","7.46","7.46","","1.41%"
"05/24/2024","7.36","7.54","7.59","7.29","2.88M","-1.44%"
"05/23/2024","7.46","7.67","7.69","7.43","4.20M","-2.81%"
"05/22/2024","7.68","7.89","7.94","7.68","4.35M","-2.97%"
"05/21/2024","7.91","7.96","8.01","7.85","2.24M","-0.62%"
"05/20/2024","7.96","7.91","8.04","7.84","2.37M","0.49%"
"05/17/2024","7.92","7.88","7.97","7.79","3.14M","0.50%"
"05/16/2024","7.89","7.83","7.96","7.71","2.65M","1.51%"
"05/15/2024","7.77","7.83","7.93","7.75","5.50M","-0.75%"
"05/14/2024","7.83","7.62","7.89","7.62","2.84M","1.52%"
"05/13/2024","7.71","7.73","7.80","7.67","2.32M","-0.63%"
"05/10/2024","7.76","7.69","7.84","7.62","3.76M","0.13%"
"05/09/2024","7.75","7.63","7.86","7.57","9.05M","1.15%"
"05/08/2024","7.66","7.57","7.70","7.41","4.89M","1.30%"
"05/07/2024","7.56","7.35","7.64","7.33","5.07M","2.66%"
"05/06/2024","7.37","7.42","7.52","7.30","4.00M","-0.92%"
"05/03/2024","7.43","7.31","7.60","7.31","5.29M","3.27%"
"05/02/2024","7.20","7.35","7.44","7.07","6.28M","-0.94%"
"04/30/2024","7.27","7.45","7.48","7.24","4.00M","-3.26%"
"04/29/2024","7.51","7.39","7.52","7.36","3.28M","1.72%"
"04/26/2024","7.39","7.21","7.43","7.19","3.05M","2.59%"
"04/25/2024","7.20","7.15","7.24","7.05","3.05M","0.68%"
"04/24/2024","7.15","7.28","7.28","7.06","3.46M","-0.95%"
"04/23/2024","7.22","7.24","7.28","7.10","5.49M","-0.81%"
"04/22/2024","7.28","7.35","7.37","7.19","2.47M","-0.93%"
"04/19/2024","7.35","7.16","7.45","7.16","4.06M","2.60%"
"04/18/2024","7.16","7.16","7.36","7.16","2.62M","-0.41%"
"04/17/2024","7.19","7.29","7.41","7.14","5.40M","-1.08%"
"04/16/2024","7.27","7.49","7.49","7.23","7.34M","-3.51%"
"04/15/2024","7.53","7.78","7.81","7.49","7.84M","-3.63%"
"04/12/2024","7.82","8.06","8.06","7.72","5.41M","-3.04%"
"04/11/2024","8.06","7.98","8.15","7.95","3.30M","0.61%"
"04/10/2024","8.01","8.06","8.06","7.92","3.27M","-0.73%"
"04/09/2024","8.07","8.05","8.14","7.98","3.29M","0.00%"
"04/08/2024","8.07","8.07","8.13","8.01","4.22M","0.00%"
"04/05/2024","8.07","8.00","8.12","7.90","3.91M","0.37%"
"04/04/2024","8.04","8.06","8.23","8.01","6.95M","-0.12%"
"04/03/2024","8.05","8.18","8.18","7.93","5.94M","-1.56%"
"04/02/2024","8.18","8.25","8.27","8.04","3.03M","-1.42%"
"04/01/2024","8.30","8.55","8.60","8.24","6.15M","-2.72%"
"03/28/2024","8.53","8.31","8.61","8.31","8.74M","2.58%"
"03/27/2024","8.31","8.22","8.42","8.17","5.83M","0.95%"
"03/26/2024","8.24","7.92","8.29","7.92","5.18M","2.67%"
"03/25/2024","8.02","7.90","8.13","7.88","4.19M","-1.58%"
"03/23/2024","8.15","8.15","8.15","8.15","","2.60%"
"03/22/2024","7.94","8.17","8.17","7.91","5.08M","-3.21%"
"03/21/2024","8.21","8.19","8.22","8.10","5.90M","0.72%"
"03/20/2024","8.15","7.93","8.21","7.90","4.24M","2.70%"
"03/19/2024","7.93","8.00","8.01","7.88","2.48M","-0.85%"
"03/18/2024","8.00","7.87","8.05","7.85","7.07M","1.23%"
"03/15/2024","7.90","8.06","8.11","7.84","7.10M","-2.52%"
"03/14/2024","8.11","8.04","8.13","7.94","2.07M","0.85%"
"03/13/2024","8.04","7.87","8.07","7.84","2.40M","1.85%"
"03/12/2024","7.89","7.76","7.93","7.71","2.71M","2.14%"
"03/11/2024","7.73","7.87","7.92","7.69","2.94M","-2.10%"
"03/08/2024","7.89","7.91","7.99","7.74","3.69M","-1.46%"
"03/07/2024","8.01","7.89","8.15","7.83","9.87M","5.38%"
"03/06/2024","7.60","7.53","7.69","7.53","7.85M","1.30%"
"03/05/2024","7.50","7.65","7.73","7.46","6.07M","-1.28%"
"03/04/2024","7.60","7.70","7.77","7.58","3.99M","-1.89%"
"03/01/2024","7.75","7.87","7.90","7.69","6.64M","-1.49%"
"02/29/2024","7.87","7.74","7.87","7.65","5.16M","1.64%"
"02/28/2024","7.74","7.91","7.91","7.59","8.15M","-2.46%"
"02/27/2024","7.93","7.88","8.07","7.81","5.92M","0.62%"
"02/26/2024","7.88","7.73","7.91","7.71","3.59M","1.38%"
"02/23/2024","7.78","7.83","7.86","7.68","9.40M","-0.87%"
"02/22/2024","7.85","7.59","7.85","7.53","4.81M","3.34%"
"02/21/2024","7.59","7.19","7.59","7.17","6.50M","4.99%"
"02/20/2024","7.23","7.05","7.25","7.00","5.03M","2.49%"
"02/19/2024","7.06","7.05","7.18","6.98","2.98M","-0.55%"
"02/16/2024","7.10","7.26","7.27","7.03","4.73M","-1.62%"
"02/15/2024","7.21","7.24","7.36","7.20","3.74M","-0.40%"
"02/14/2024","7.24","7.39","7.39","7.18","9.62M","-2.24%"
"02/09/2024","7.41","7.16","7.41","7.13","5.41M","2.56%"
"02/08/2024","7.22","7.26","7.32","6.96","6.85M","-1.33%"
"02/07/2024","7.32","7.13","7.36","7.02","7.89M","1.49%"
"02/06/2024","7.21","6.96","7.21","6.76","7.19M","3.93%"
"02/05/2024","6.94","6.85","7.00","6.77","9.52M","1.28%"
"02/02/2024","6.85","6.65","6.85","6.58","5.32M","3.23%"
"02/01/2024","6.64","6.68","6.74","6.53","4.11M","-1.02%"
"01/31/2024","6.71","6.71","6.91","6.70","3.40M","0.00%"
"01/30/2024","6.71","6.60","6.72","6.56","3.68M","1.47%"
"01/29/2024","6.61","6.72","6.82","6.56","3.23M","-1.45%"
"01/26/2024","6.71","6.61","6.77","6.57","4.37M","1.47%"
"01/25/2024","6.61","6.47","6.72","6.40","4.06M","1.95%"
"01/24/2024","6.48","6.55","6.61","6.43","5.44M","-0.89%"
"01/23/2024","6.54","6.44","6.61","6.43","4.99M","1.82%"
"01/22/2024","6.42","6.82","6.87","6.41","5.30M","-5.86%"
"01/19/2024","6.82","6.75","6.82","6.66","3.35M","1.45%"
"01/18/2024","6.72","6.72","6.78","6.65","2.78M","0.00%"
"01/17/2024","6.72","6.86","6.93","6.64","9.99M","-1.99%"
"01/16/2024","6.86","6.89","6.93","6.79","2.83M","-0.56%"
"01/15/2024","6.90","6.88","6.94","6.77","2.69M","0.43%"
"01/12/2024","6.87","6.83","7.01","6.79","3.84M","1.59%"
"01/11/2024","6.76","6.82","6.87","6.71","2.96M","-0.57%"
"01/10/2024","6.80","7.07","7.07","6.78","3.75M","-3.32%"
"01/09/2024","7.04","6.96","7.10","6.87","5.03M","0.98%"
"01/08/2024","6.97","6.77","6.99","6.72","2.80M","2.88%"
"01/05/2024","6.77","6.68","6.97","6.65","4.33M","1.46%"
"01/04/2024","6.68","6.77","6.82","6.56","3.04M","-1.15%"
"01/03/2024","6.75","6.76","6.80","6.66","2.25M","0.58%"
"01/02/2024","6.72","6.95","6.95","6.70","3.18M","-4.04%"
"12/28/2023","7.00","6.88","7.05","6.80","4.72M","1.99%"
"12/27/2023","6.86","6.96","7.00","6.86","5.66M","-1.81%"
"12/26/2023","6.99","6.68","7.02","6.63","6.08M","4.22%"
"12/22/2023","6.71","6.86","6.90","6.67","4.99M","-1.99%"
"12/21/2023","6.84","6.64","6.85","6.61","10.34M","4.15%"
"12/20/2023","6.57","6.49","6.64","6.49","5.70M","0.45%"
"12/19/2023","6.54","6.53","6.66","6.51","4.58M","0.90%"
"12/18/2023","6.48","6.61","6.61","6.44","5.72M","-0.75%"
"12/15/2023","6.53","6.74","6.74","6.51","5.52M","-2.33%"
"12/14/2023","6.69","6.48","7.05","6.48","10.07M","2.39%"
"12/13/2023","6.53","5.99","6.53","5.99","5.87M","8.94%"
"12/12/2023","5.99","6.08","6.08","5.99","1.99M","-0.81%"
"12/11/2023","6.04","6.16","6.16","5.97","5.93M","-1.90%"
"12/08/2023","6.16","6.43","6.46","6.16","6.16M","-3.95%"
"12/07/2023","6.41","6.19","6.41","6.13","4.53M","3.79%"
"12/06/2023","6.18","6.32","6.35","6.12","6.39M","-1.09%"
"12/05/2023","6.25","6.21","6.38","6.17","8.82M","0.63%"
"12/04/2023","6.21","6.29","6.34","6.18","4.66M","-2.00%"
"12/01/2023","6.34","6.11","6.34","6.08","8.25M","2.36%"
"11/30/2023","6.19","6.07","6.19","6.02","8.61M","1.93%"
"11/29/2023","6.07","6.17","6.18","5.99","7.77M","-0.32%"
"11/28/2023","6.09","6.10","6.24","6.01","5.24M","-0.16%"
"11/27/2023","6.10","5.85","6.12","5.84","5.11M","4.33%"
"11/24/2023","5.85","6.09","6.10","5.84","7.99M","-4.00%"
"11/23/2023","6.09","6.10","6.20","5.94","6.06M","0.32%"
"11/22/2023","6.07","6.00","6.20","5.97","4.00M","2.13%"
"11/21/2023","5.95","5.90","6.00","5.80","5.30M","0.83%"
"11/20/2023","5.90","5.93","5.95","5.85","5.68M","-0.49%"
"11/17/2023","5.93","6.14","6.14","5.89","8.10M","-2.72%"
"11/16/2023","6.09","5.87","6.15","5.87","11.33M","4.17%"
"11/14/2023","5.85","5.86","6.02","5.79","10.89M","0.00%"
"11/13/2023","5.85","5.85","5.93","5.81","5.64M","0.00%"
"11/10/2023","5.85","5.91","6.04","5.85","7.77M","-0.83%"
"11/09/2023","5.90","6.24","6.24","5.88","6.44M","-2.89%"
"11/08/2023","6.07","6.19","6.26","6.02","5.11M","-1.58%"
"11/07/2023","6.17","5.90","6.18","5.87","3.37M","3.77%"
"11/06/2023","5.95","6.15","6.17","5.94","4.03M","-2.71%"
"11/03/2023","6.11","5.95","6.13","5.94","4.74M","5.38%"
"11/01/2023","5.80","5.73","5.89","5.57","10.01M","2.23%"
"10/31/2023","5.67","5.63","5.68","5.56","2.96M","0.52%"
"10/30/2023","5.64","5.71","5.75","5.58","3.85M","-0.86%"
"10/27/2023","5.69","5.95","6.00","5.69","4.79M","-4.58%"
"10/26/2023","5.96","5.87","6.00","5.86","5.05M","1.66%"
"10/25/2023","5.87","5.95","5.99","5.78","5.83M","-1.47%"
"10/24/2023","5.95","6.11","6.18","5.85","9.58M","-1.77%"
"10/23/2023","6.06","5.88","6.11","5.86","3.55M","2.30%"
"10/20/2023","5.93","5.95","5.99","5.83","5.17M","-1.30%"
"10/19/2023","6.00","5.76","6.08","5.73","7.96M","4.05%"
"10/18/2023","5.77","5.92","5.92","5.73","5.66M","-2.95%"
"10/17/2023","5.95","6.01","6.13","5.91","6.67M","-1.61%"
"10/16/2023","6.04","6.09","6.11","5.97","6.36M","-0.16%"
"10/13/2023","6.05","6.19","6.26","6.00","3.24M","-2.36%"
"10/11/2023","6.20","6.38","6.44","6.17","6.91M","-2.60%"
"10/10/2023","6.36","6.27","6.43","6.26","4.11M","1.87%"
"10/09/2023","6.25","6.25","6.25","6.01","5.43M","-0.16%"
"10/06/2023","6.26","6.31","6.33","6.11","7.45M","-1.08%"
"10/05/2023","6.33","6.50","6.52","6.26","8.82M","-3.13%"
"10/04/2023","6.53","6.48","6.61","6.44","5.53M","1.06%"
"10/03/2023","6.46","6.61","6.62","6.44","4.06M","-1.78%"
"10/02/2023","6.58","6.69","6.69","6.55","2.52M","-1.32%"
"09/29/2023","6.67","6.70","6.78","6.58","3.50M","0.74%"
"09/28/2023","6.62","6.41","6.64","6.41","7.02M","2.26%"
"09/27/2023","6.47","6.49","6.57","6.35","2.79M","-0.15%"
"09/26/2023","6.48","6.58","6.62","6.43","4.73M","-1.92%"
"09/25/2023","6.61","6.64","6.69","6.51","2.80M","-1.17%"
"09/22/2023","6.69","6.63","6.78","6.57","4.88M","1.18%"
"09/21/2023","6.61","6.78","6.78","6.54","4.38M","-3.14%"
"09/20/2023","6.82","6.90","6.92","6.73","6.22M","-0.43%"
"09/19/2023","6.85","6.88","6.94","6.77","3.67M","-0.28%"
"09/18/2023","6.87","7.23","7.23","6.87","3.97M","-4.99%"
"09/15/2023","7.23","7.11","7.23","6.95","7.91M","1.50%"
"09/14/2023","7.12","7.29","7.29","6.99","3.41M","-1.35%"
"09/13/2023","7.22","6.89","7.41","6.87","9.11M","4.66%"
"09/12/2023","6.90","6.67","6.99","6.62","5.60M","4.12%"
"09/11/2023","6.63","6.60","6.63","6.52","2.38M","-2.39%"
"09/09/2023","6.79","6.79","6.79","6.79","","3.21%"
"09/08/2023","6.58","6.68","6.76","6.53","3.12M","-1.89%"
"09/06/2023","6.71","6.80","6.86","6.67","2.93M","-1.71%"
"09/05/2023","6.82","6.82","6.90","6.72","5.44M","-0.28%"
"09/04/2023","6.84","6.83","6.92","6.82","2.62M","-2.54%"
"09/02/2023","7.02","7.02","7.02","7.02","","3.04%"
"09/01/2023","6.81","6.56","6.88","6.53","22.17M","3.86%"
"08/31/2023","6.56","7.06","7.07","6.53","27.64M","-6.92%"
"08/30/2023","7.05","7.11","7.22","7.02","4.22M","-0.28%"
"08/29/2023","7.07","6.97","7.07","6.89","5.94M","1.40%"
"08/28/2023","6.97","7.08","7.10","6.85","17.75M","-1.11%"
"08/25/2023","7.05","7.11","7.16","7.01","6.01M","-1.36%"
"08/24/2023","7.14","7.26","7.26","7.14","4.14M","-1.21%"
"08/23/2023","7.23","7.24","7.34","7.20","5.94M","0.00%"
"08/22/2023","7.23","7.09","7.24","7.07","3.89M","2.34%"
"08/21/2023","7.07","7.13","7.17","7.04","4.83M","-1.49%"
"08/18/2023","7.17","7.08","7.17","6.94","7.13M","0.68%"
"08/17/2023","7.12","7.38","7.42","7.12","6.14M","-3.18%"
"08/16/2023","7.36","7.22","7.46","7.19","5.99M","1.48%"
"08/15/2023","7.25","7.12","7.28","7.01","6.28M","2.06%"
"08/14/2023","7.11","7.61","7.61","7.09","9.54M","-6.42%"
"08/11/2023","7.59","7.73","7.77","7.49","7.65M","-1.77%"
"08/10/2023","7.73","7.84","7.97","7.68","5.45M","-0.50%"
"08/09/2023","7.77","7.80","7.86","7.66","2.98M","-1.12%"
"08/08/2023","7.86","7.63","7.86","7.54","3.96M","1.90%"
"08/07/2023","7.71","7.65","7.71","7.56","2.22M","0.25%"
"08/04/2023","7.69","7.66","7.80","7.62","3.51M","0.38%"
"08/03/2023","7.66","7.72","7.82","7.62","3.72M","-0.25%"
"08/02/2023","7.68","7.64","7.84","7.58","6.93M","0.90%"
"08/01/2023","7.61","7.54","7.62","7.28","13.39M","-1.39%"
"07/31/2023","7.72","7.96","7.99","7.72","7.72M","-1.86%"
"07/28/2023","7.87","7.92","7.92","7.77","7.15M","0.25%"
"07/27/2023","7.85","7.96","8.11","7.82","5.29M","-1.11%"
"07/26/2023","7.93","7.98","8.03","7.87","2.09M","-0.97%"
"07/25/2023","8.01","8.00","8.18","7.91","4.20M","0.86%"
"07/24/2023","7.94","7.86","8.01","7.82","2.88M","1.12%"
"07/21/2023","7.86","7.68","7.92","7.63","2.13M","2.28%"
"07/20/2023","7.68","7.56","7.75","7.53","3.06M","1.55%"
"07/19/2023","7.56","7.63","7.67","7.54","2.36M","-0.77%"
"07/18/2023","7.62","7.52","7.68","7.51","4.27M","1.43%"
"07/17/2023","7.51","7.38","7.53","7.29","2.48M","1.85%"
"07/14/2023","7.38","7.50","7.52","7.31","3.00M","-2.32%"
"07/13/2023","7.55","7.60","7.61","7.43","3.84M","-0.64%"
"07/12/2023","7.60","7.75","7.82","7.55","3.45M","-0.89%"
"07/11/2023","7.67","7.75","7.75","7.48","3.46M","-1.38%"
"07/10/2023","7.78","7.77","7.84","7.67","3.36M","-0.50%"
"07/07/2023","7.82","7.81","8.02","7.76","4.98M","0.25%"
"07/06/2023","7.80","7.83","7.93","7.77","5.11M","-0.74%"
"07/05/2023","7.86","7.72","8.02","7.70","5.34M","1.77%"
"07/04/2023","7.72","7.71","7.80","7.63","3.30M","-0.25%"
"07/03/2023","7.74","7.73","7.91","7.72","3.67M","0.25%"
"06/30/2023","7.72","7.64","7.82","7.62","5.88M","2.33%"
"06/29/2023","7.54","7.34","7.60","7.30","5.72M","2.93%"
"06/28/2023","7.33","7.42","7.48","7.26","3.37M","-1.18%"
"06/27/2023","7.42","7.80","7.92","7.35","7.75M","-4.76%"
"06/26/2023","7.79","7.95","7.98","7.71","4.28M","-2.20%"
"06/23/2023","7.96","7.88","8.05","7.86","5.50M","1.36%"
"06/22/2023","7.86","8.00","8.00","7.75","6.88M","-2.66%"
"06/21/2023","8.07","7.85","8.09","7.83","5.82M","2.48%"
"06/20/2023","7.87","7.69","7.95","7.65","5.10M","2.02%"
"06/19/2023","7.72","7.59","7.78","7.52","3.18M","1.67%"
"06/16/2023","7.59","7.80","7.86","7.51","10.39M","-2.62%"
"06/15/2023","7.80","7.55","7.84","7.48","5.74M","3.23%"
"06/14/2023","7.55","7.57","7.66","7.53","5.24M","0.26%"
"06/13/2023","7.53","7.60","7.67","7.42","8.45M","-0.26%"
"06/12/2023","7.55","7.85","7.89","7.54","7.08M","-3.37%"
"06/09/2023","7.82","7.46","7.85","7.46","7.51M","5.53%"
"06/07/2023","7.41","7.49","7.70","7.41","10.45M","-1.04%"
"06/06/2023","7.49","7.26","7.63","7.26","10.22M","3.09%"
"06/05/2023","7.26","7.21","7.33","7.10","7.11M","1.22%"
"06/02/2023","7.17","7.40","7.56","7.16","7.63M","-1.87%"
"06/01/2023","7.31","7.15","7.50","7.14","17.31M","2.88%"
"05/31/2023","7.11","6.90","7.14","6.90","6.85M","1.96%"
"05/30/2023","6.97","6.92","7.03","6.85","5.43M","0.70%"
"05/29/2023","6.92","6.91","6.99","6.86","3.68M","0.57%"
"05/26/2023","6.88","6.81","7.06","6.75","6.87M","1.73%"
"05/25/2023","6.76","6.47","6.82","6.44","9.69M","5.47%"
"05/24/2023","6.41","6.34","6.46","6.28","3.34M","1.23%"
"05/23/2023","6.34","6.40","6.57","6.33","5.17M","-2.40%"
"05/22/2023","6.49","6.59","6.67","6.46","4.57M","-1.62%"
"05/19/2023","6.60","6.59","6.74","6.40","9.35M","1.04%"
"05/18/2023","6.53","6.24","6.55","6.17","7.39M","4.69%"
"05/17/2023","6.24","6.16","6.28","6.08","13.01M","1.75%"
"05/16/2023","6.13","6.30","6.33","6.05","6.55M","-2.48%"
"05/15/2023","6.29","6.42","6.42","6.25","6.07M","-2.42%"
"05/12/2023","6.44","6.50","6.65","6.35","14.58M","-1.64%"
"05/11/2023","6.55","6.13","6.66","5.92","13.55M","12.37%"
"05/10/2023","5.83","5.55","5.88","5.55","7.65M","5.47%"
"05/09/2023","5.53","5.45","5.67","5.44","6.94M","0.53%"
"05/08/2023","5.50","5.35","5.60","5.34","6.65M","0.13%"
"05/06/2023","5.49","5.49","5.49","5.49","","3.36%"
"05/05/2023","5.31","5.11","5.34","5.05","11.24M","4.41%"
"05/04/2023","5.09","5.11","5.22","5.02","7.54M","0.00%"
"05/03/2023","5.09","5.18","5.20","5.01","7.62M","-1.14%"
"05/02/2023","5.15","5.37","5.37","5.08","4.42M","-4.17%"
"04/28/2023","5.37","5.26","5.38","5.15","4.17M","2.61%"
"04/27/2023","5.23","5.23","5.24","5.01","6.64M","0.19%"
"04/26/2023","5.22","5.09","5.30","5.07","5.12M","2.10%"
"04/25/2023","5.12","5.18","5.24","5.05","4.22M","-1.50%"
"04/24/2023","5.19","5.17","5.21","5.12","2.36M","0.76%"
"04/20/2023","5.16","5.12","5.21","5.04","3.51M","1.15%"
"04/19/2023","5.10","5.20","5.20","5.02","9.99M","-2.79%"
"04/18/2023","5.24","5.45","5.45","5.21","2.96M","-2.71%"
"04/17/2023","5.39","5.39","5.48","5.31","3.61M","0.00%"
"04/14/2023","5.39","5.53","5.55","5.37","5.00M","-2.81%"
"04/13/2023","5.55","5.75","5.76","5.55","5.58M","-3.56%"
"04/12/2023","5.75","5.78","5.92","5.73","6.38M","0.00%"
"04/11/2023","5.75","5.28","5.78","5.28","8.22M","9.46%"
"04/10/2023","5.25","5.23","5.35","5.18","4.49M","0.37%"
"04/06/2023","5.23","5.24","5.36","5.12","8.80M","-0.92%"
"04/05/2023","5.28","5.66","5.66","5.21","11.12M","-6.07%"
"04/04/2023","5.62","5.47","5.75","5.47","10.98M","3.41%"
"04/03/2023","5.44","5.55","5.57","5.16","15.70M","-2.45%"
"03/31/2023","5.57","5.80","5.82","5.44","27.74M","-3.54%"
"03/30/2023","5.78","5.74","5.86","5.68","6.23M","2.24%"
"03/29/2023","5.65","5.57","5.73","5.52","7.12M","1.05%"
"03/28/2023","5.59","5.44","5.68","5.33","5.23M","3.05%"
"03/27/2023","5.43","5.26","5.50","5.26","12.62M","3.53%"
"03/24/2023","5.24","5.13","5.31","4.99","15.22M","2.67%"
"03/23/2023","5.11","5.31","5.36","5.02","9.11M","-3.85%"
"03/22/2023","5.31","5.38","5.45","5.27","6.67M","-1.98%"
"03/21/2023","5.42","5.61","5.65","5.39","5.65M","-3.64%"
"03/20/2023","5.62","5.69","5.76","5.55","4.51M","-2.37%"
"03/17/2023","5.76","5.71","5.84","5.57","7.76M","0.85%"
"03/16/2023","5.71","5.67","5.75","5.56","12.79M","0.51%"
"03/15/2023","5.68","5.67","5.82","5.55","6.22M","-1.52%"
"03/14/2023","5.77","5.69","6.02","5.69","4.72M","1.20%"
"03/13/2023","5.70","5.57","5.82","5.47","8.55M","1.74%"
"03/10/2023","5.60","5.57","5.70","5.49","16.34M","0.88%"
"03/09/2023","5.56","5.37","5.70","5.31","21.18M","6.15%"
"03/08/2023","5.23","4.98","5.26","4.98","10.13M","5.09%"
"03/07/2023","4.98","5.11","5.11","4.89","11.21M","-1.35%"
"03/06/2023","5.05","5.12","5.14","5.01","6.39M","-1.33%"
"03/03/2023","5.12","5.15","5.29","5.09","5.79M","-0.76%"
"03/02/2023","5.16","5.34","5.40","5.14","5.14M","-3.29%"
"03/01/2023","5.33","5.49","5.53","5.26","4.97M","-3.01%"
"02/28/2023","5.50","5.61","5.71","5.35","15.65M","-2.42%"
"02/27/2023","5.63","5.81","5.88","5.57","5.60M","-3.34%"
"02/24/2023","5.83","5.84","5.96","5.77","2.81M","-0.99%"
"02/23/2023","5.89","6.04","6.07","5.88","2.55M","-2.58%"
"02/22/2023","6.04","6.15","6.19","6.01","2.77M","-2.82%"
"02/17/2023","6.22","6.25","6.30","5.99","4.46M","0.95%"
"02/16/2023","6.16","6.04","6.21","5.95","3.77M","1.77%"
"02/15/2023","6.05","5.95","6.18","5.93","3.77M","1.80%"
"02/14/2023","5.95","6.05","6.14","5.86","4.01M","-1.13%"
"02/13/2023","6.01","6.20","6.20","5.83","6.63M","-2.99%"
"02/10/2023","6.20","5.95","6.24","5.92","3.97M","3.75%"
"02/09/2023","5.97","6.10","6.13","5.92","3.94M","-2.08%"
"02/08/2023","6.10","6.13","6.23","6.07","4.16M","0.16%"
"02/07/2023","6.09","6.20","6.32","6.03","7.42M","-1.88%"
"02/06/2023","6.21","6.27","6.30","6.16","3.31M","-0.93%"
"02/03/2023","6.27","6.38","6.47","6.22","3.89M","-1.98%"
"02/02/2023","6.39","6.42","6.57","6.34","7.70M","-1.20%"
"02/01/2023","6.47","6.57","6.64","6.30","7.66M","-2.92%"
"01/31/2023","6.67","6.74","6.82","6.54","8.17M","-1.16%"
"01/30/2023","6.74","6.77","6.93","6.70","6.21M","0.00%"
"01/27/2023","6.74","6.62","6.77","6.56","5.68M","2.06%"
"01/26/2023","6.61","6.92","6.95","6.60","4.58M","-4.37%"
"01/25/2023","6.91","6.74","6.97","6.55","8.33M","2.16%"
"01/24/2023","6.76","6.59","6.80","6.57","6.11M","2.66%"
"01/23/2023","6.59","6.51","6.63","6.46","9.64M","1.05%"
"01/20/2023","6.52","6.53","6.55","6.39","14.61M","-0.15%"
"01/19/2023","6.53","6.46","6.58","6.42","4.67M","0.00%"
"01/18/2023","6.53","6.53","6.59","6.35","9.79M","1.06%"
"01/17/2023","6.46","6.38","6.49","6.28","5.68M","1.69%"
"01/16/2023","6.35","6.20","6.37","6.15","6.12M","1.87%"
"01/13/2023","6.24","5.95","6.27","5.89","5.64M","3.90%"
"01/12/2023","6.00","6.17","6.21","5.82","6.48M","-3.30%"
"01/11/2023","6.21","6.13","6.25","6.09","6.02M","1.27%"
"01/10/2023","6.13","6.01","6.26","5.93","5.01M","1.45%"
"01/09/2023","6.04","5.99","6.17","5.95","3.39M","-1.12%"
"01/06/2023","6.11","6.05","6.27","5.97","5.66M","1.13%"
"01/05/2023","6.04","5.83","6.11","5.83","7.64M","4.20%"
"01/04/2023","5.80","5.58","5.88","5.51","6.75M","4.20%"
"01/03/2023","5.57","5.91","5.92","5.53","6.93M","-5.93%"
"01/02/2023","5.92","6.13","6.14","5.81","3.63M","-3.96%"
"12/29/2022","6.16","6.09","6.19","6.00","6.04M","1.44%"
"12/28/2022","6.07","5.90","6.09","5.82","4.31M","3.66%"
"12/27/2022","5.86","6.06","6.08","5.81","3.91M","-3.06%"
"12/26/2022","6.04","6.13","6.17","6.03","1.77M","-1.43%"
"12/23/2022","6.13","5.93","6.16","5.90","7.91M","3.97%"
"12/22/2022","5.90","6.00","6.03","5.83","2.80M","-1.31%"
"12/21/2022","5.97","5.95","6.01","5.73","5.22M","0.49%"
"12/20/2022","5.95","5.42","6.05","5.38","12.43M","10.11%"
"12/19/2022","5.40","5.11","5.46","5.08","7.85M","6.33%"
"12/16/2022","5.08","5.24","5.30","5.02","23.73M","-3.52%"
"12/15/2022","5.26","5.11","5.45","5.08","9.66M","2.27%"
"12/14/2022","5.15","4.93","5.18","4.88","7.38M","3.94%"
"12/13/2022","4.95","5.17","5.20","4.93","5.34M","-3.97%"
"12/12/2022","5.16","5.25","5.32","5.07","5.02M","-2.22%"
"12/09/2022","5.27","5.31","5.40","5.23","4.13M","-0.73%"
"12/08/2022","5.31","5.52","5.52","5.26","6.23M","-4.39%"
"12/07/2022","5.56","5.47","5.70","5.42","4.36M","0.53%"
"12/06/2022","5.53","5.74","5.76","5.46","6.03M","-3.41%"
"12/05/2022","5.72","5.94","5.96","5.66","3.74M","-4.24%"
"12/02/2022","5.97","5.85","6.02","5.72","5.58M","2.17%"
"12/01/2022","5.85","5.97","6.08","5.75","7.16M","-1.15%"
"11/30/2022","5.92","5.90","5.97","5.76","3.91M","0.33%"
"11/29/2022","5.90","5.95","6.03","5.80","3.10M","-0.49%"
"11/28/2022","5.93","5.86","6.06","5.82","4.57M","0.83%"
"11/25/2022","5.88","6.08","6.11","5.80","3.48M","-3.67%"
"11/24/2022","6.10","5.87","6.17","5.87","3.36M","4.51%"
"11/23/2022","5.84","5.93","5.95","5.73","4.16M","-1.96%"
"11/22/2022","5.95","6.20","6.21","5.89","3.89M","-3.48%"
"11/21/2022","6.17","6.09","6.23","5.97","5.21M","2.26%"
"11/18/2022","6.03","6.08","6.20","5.96","6.24M","0.32%"
"11/17/2022","6.01","5.88","6.03","5.57","8.73M","0.33%"
"11/16/2022","5.99","6.20","6.25","5.86","7.73M","-3.61%"
"11/14/2022","6.22","6.09","6.31","6.03","5.10M","0.00%"
"11/11/2022","6.22","6.40","6.47","6.02","11.80M","-1.09%"
"11/10/2022","6.29","6.92","6.92","6.14","12.25M","-9.54%"
"11/09/2022","6.95","7.01","7.08","6.86","8.01M","-1.25%"
"11/08/2022","7.04","7.07","7.20","6.94","16.60M","-2.56%"
"11/07/2022","7.22","7.50","7.50","7.11","8.06M","-3.77%"
"11/04/2022","7.50","7.52","7.65","7.39","11.24M","0.26%"
"11/03/2022","7.49","7.09","7.51","7.09","7.98M","3.92%"
"11/01/2022","7.20","7.12","7.26","7.04","8.38M","1.23%"
"10/31/2022","7.11","6.53","7.14","6.53","14.78M","6.88%"
"10/28/2022","6.66","6.13","6.67","6.13","10.05M","5.73%"
"10/27/2022","6.30","6.01","6.34","5.99","11.34M","3.69%"
"10/26/2022","6.07","6.17","6.25","5.98","4.98M","-2.50%"
"10/25/2022","6.23","6.34","6.50","6.20","10.69M","-1.69%"
"10/24/2022","6.34","6.52","6.62","5.98","14.64M","-2.26%"
"10/21/2022","6.48","6.09","6.51","6.06","8.13M","6.06%"
"10/20/2022","6.11","6.11","6.27","6.04","17.96M","0.32%"
"10/19/2022","6.09","6.15","6.16","5.97","7.87M","-1.42%"
"10/18/2022","6.18","6.23","6.34","6.07","8.13M","0.32%"
"10/17/2022","6.16","6.16","6.34","5.97","11.42M","-0.29%"
"10/14/2022","6.18","6.20","6.28","6.12","6.29M","0.48%"
"10/13/2022","6.15","6.16","6.32","6.05","5.87M","-0.16%"
"10/11/2022","6.16","6.16","6.26","6.07","6.32M","-0.48%"
"10/10/2022","6.19","6.24","6.39","6.17","6.06M","-0.79%"
"10/07/2022","6.24","6.29","6.32","6.18","3.55M","-1.40%"
"10/06/2022","6.32","6.34","6.42","6.29","3.99M","0.31%"
"10/05/2022","6.31","6.48","6.48","6.29","5.39M","-2.43%"
"10/04/2022","6.46","6.60","6.74","6.39","7.02M","-1.05%"
"10/03/2022","6.53","6.47","6.63","6.44","9.50M","0.91%"
"09/30/2022","6.47","6.42","6.59","6.30","6.58M","0.76%"
"09/29/2022","6.42","6.42","6.45","6.31","3.42M","-1.21%"
"09/28/2022","6.50","6.37","6.55","6.29","3.72M","2.16%"
"09/27/2022","6.36","6.50","6.59","6.29","4.75M","-1.22%"
"09/26/2022","6.44","6.71","6.71","6.38","4.64M","-4.09%"
"09/23/2022","6.72","6.88","6.95","6.66","4.94M","-3.66%"
"09/22/2022","6.97","6.72","7.07","6.70","12.64M","4.71%"
"09/21/2022","6.66","6.74","6.83","6.60","4.66M","-0.73%"
"09/20/2022","6.71","6.72","6.84","6.66","4.66M","-0.58%"
"09/19/2022","6.75","6.66","6.82","6.62","3.88M","0.44%"
"09/16/2022","6.72","6.62","6.72","6.38","10.14M","1.48%"
"09/15/2022","6.62","6.69","6.75","6.60","3.79M","-1.17%"
"09/14/2022","6.70","6.58","6.89","6.51","6.92M","1.94%"
"09/13/2022","6.57","6.50","6.63","6.40","6.17M","-0.15%"
"09/12/2022","6.58","6.49","6.63","6.46","5.45M","1.82%"
"09/09/2022","6.46","6.42","6.51","6.31","7.17M","1.23%"
"09/08/2022","6.38","6.39","6.47","6.22","4.37M","-0.61%"
"09/06/2022","6.42","6.39","6.47","6.27","5.91M","-0.15%"
"09/05/2022","6.43","6.55","6.55","6.33","4.12M","-0.15%"
"09/02/2022","6.44","6.40","6.56","6.31","4.91M","0.92%"
"09/01/2022","6.38","6.32","6.40","6.24","5.05M","0.78%"
"08/31/2022","6.33","6.11","6.33","6.08","7.97M","3.72%"
"08/30/2022","6.11","6.23","6.31","5.99","2.39M","-1.43%"
"08/29/2022","6.20","6.10","6.28","6.06","4.46M","1.45%"
"08/26/2022","6.11","6.17","6.23","5.99","3.46M","-0.96%"
"08/25/2022","6.17","6.09","6.22","6.06","8.97M","1.63%"
"08/24/2022","6.07","5.98","6.18","5.98","6.72M","1.15%"
"08/23/2022","6.00","5.91","6.01","5.85","5.85M","2.36%"
"08/22/2022","5.86","5.97","6.01","5.80","8.05M","-2.94%"
"08/19/2022","6.04","6.01","6.28","5.93","13.00M","-0.65%"
"08/18/2022","6.08","5.78","6.12","5.72","12.85M","7.32%"
"08/17/2022","5.66","5.39","5.67","5.37","11.89M","4.55%"
"08/16/2022","5.42","5.41","5.46","5.31","5.32M","0.00%"
"08/15/2022","5.42","5.28","5.48","5.26","13.27M","1.67%"
"08/12/2022","5.33","5.17","5.53","5.13","24.59M","14.16%"
"08/11/2022","4.67","4.86","4.95","4.55","4.48M","-3.86%"
"08/10/2022","4.85","4.69","4.94","4.64","5.58M","5.35%"
"08/09/2022","4.61","4.80","4.85","4.54","4.48M","-3.91%"
"08/08/2022","4.80","4.68","4.88","4.63","4.34M","2.97%"
"08/05/2022","4.66","4.73","4.77","4.60","3.28M","-1.87%"
"08/04/2022","4.75","4.49","4.76","4.45","5.81M","6.89%"
"08/03/2022","4.44","4.37","4.48","4.32","4.11M","2.04%"
"08/02/2022","4.35","4.44","4.44","4.31","2.90M","-0.23%"
"08/01/2022","4.36","4.23","4.43","4.20","7.22M","3.03%"
"07/29/2022","4.23","4.38","4.39","4.21","5.37M","-3.38%"
"07/28/2022","4.38","4.24","4.39","4.16","6.21M","2.78%"
"07/27/2022","4.26","3.94","4.28","3.82","13.45M","6.40%"
"07/26/2022","4.01","4.24","4.24","4.01","4.57M","-5.14%"
"07/25/2022","4.22","4.16","4.28","4.13","5.74M","1.18%"
"07/22/2022","4.17","4.14","4.21","4.08","4.70M","0.71%"
"07/21/2022","4.14","4.14","4.19","4.11","5.55M","-0.47%"
"07/20/2022","4.16","4.07","4.24","4.05","6.23M","1.93%"
"07/19/2022","4.08","4.08","4.12","4.01","3.55M","0.24%"
"07/18/2022","4.07","4.28","4.31","4.06","6.13M","-5.06%"
"07/15/2022","4.29","4.05","4.34","4.00","33.22M","6.62%"
"07/14/2022","4.03","3.91","4.08","3.89","5.45M","1.75%"
"07/13/2022","3.96","3.74","4.00","3.71","8.98M","4.97%"
"07/12/2022","3.77","3.71","3.80","3.63","7.41M","1.87%"
"07/11/2022","3.70","3.68","3.75","3.58","5.90M","-0.53%"
"07/08/2022","3.72","3.59","3.72","3.58","5.58M","3.86%"
"07/07/2022","3.58","3.55","3.63","3.53","4.81M","1.68%"
"07/06/2022","3.52","3.40","3.54","3.35","5.85M","2.88%"
"07/05/2022","3.42","3.35","3.42","3.32","3.83M","1.46%"
"07/04/2022","3.37","3.34","3.41","3.33","2.50M","0.59%"
"07/01/2022","3.35","3.31","3.39","3.30","3.37M","0.59%"
"06/30/2022","3.33","3.23","3.35","3.17","7.65M","2.11%"
"06/29/2022","3.27","3.41","3.41","3.26","2.92M","-3.50%"
"06/28/2022","3.38","3.32","3.43","3.32","5.34M","2.69%"
"06/27/2022","3.30","3.30","3.37","3.21","7.08M","0.00%"
"06/24/2022","3.30","3.30","3.34","3.22","5.31M","0.91%"
"06/23/2022","3.27","3.27","3.34","3.23","6.15M","0.91%"
"06/22/2022","3.24","3.33","3.38","3.23","7.10M","-3.53%"
"06/21/2022","3.35","3.47","3.49","3.35","4.45M","-2.86%"
"06/20/2022","3.45","3.55","3.60","3.45","2.38M","-2.78%"
"06/17/2022","3.55","3.61","3.64","3.44","11.31M","-3.49%"
"06/15/2022","3.68","3.65","3.80","3.60","7.62M","2.47%"
"06/14/2022","3.59","3.69","3.70","3.53","6.68M","-2.15%"
"06/13/2022","3.67","3.95","3.97","3.67","6.08M","-8.37%"
"06/10/2022","4.01","4.13","4.13","4.00","3.86M","-3.10%"
"06/09/2022","4.13","4.07","4.14","4.03","3.85M","0.96%"
"06/08/2022","4.09","4.13","4.15","4.07","4.30M","-1.43%"
"06/07/2022","4.15","4.19","4.19","4.10","2.50M","-0.94%"
"06/06/2022","4.19","4.36","4.38","4.19","3.59M","-3.41%"
"06/03/2022","4.34","4.48","4.50","4.29","4.62M","-3.30%"
"06/02/2022","4.49","4.60","4.62","4.44","7.69M","-1.52%"
"06/01/2022","4.56","4.57","4.69","4.50","5.57M","0.00%"
"05/31/2022","4.56","4.69","4.73","4.56","7.45M","-2.53%"
"05/30/2022","4.68","4.66","4.76","4.66","2.64M","0.42%"
"05/27/2022","4.66","4.59","4.69","4.57","2.76M","0.43%"
"05/26/2022","4.64","4.60","4.78","4.57","7.04M","0.64%"
"05/25/2022","4.61","4.52","4.64","4.50","3.60M","1.08%"
"05/24/2022","4.56","4.56","4.58","4.45","2.23M","0.00%"
"05/23/2022","4.56","4.54","4.60","4.46","3.64M","1.09%"
"05/20/2022","4.51","4.45","4.53","4.38","4.15M","1.10%"
"05/19/2022","4.46","4.26","4.49","4.19","6.56M","4.21%"
"05/18/2022","4.28","4.58","4.58","4.28","5.44M","-6.55%"
"05/17/2022","4.58","4.70","4.83","4.53","5.11M","-1.72%"
"05/16/2022","4.66","4.70","4.70","4.55","8.36M","-0.85%"
"05/13/2022","4.70","4.70","4.73","4.59","6.67M","1.73%"
"05/12/2022","4.62","4.55","4.75","4.55","4.47M","-0.65%"
"05/11/2022","4.65","4.59","4.73","4.56","4.42M","0.00%"
"05/10/2022","4.65","4.45","4.77","4.43","13.61M","7.39%"
"05/09/2022","4.33","4.44","4.44","4.18","7.62M","-3.56%"
"05/06/2022","4.49","4.52","4.52","4.36","6.16M","-0.44%"
"05/05/2022","4.51","4.55","4.59","4.44","3.64M","-2.38%"
"05/04/2022","4.62","4.60","4.70","4.43","4.84M","0.00%"
"05/03/2022","4.62","4.58","4.68","4.51","4.61M","0.65%"
"05/02/2022","4.59","4.75","4.79","4.53","4.41M","-2.96%"
"04/29/2022","4.73","4.77","4.91","4.68","14.25M","0.64%"
"04/28/2022","4.70","4.62","4.76","4.56","5.59M","1.95%"
"04/27/2022","4.61","4.79","4.80","4.59","3.95M","-2.33%"
"04/26/2022","4.72","4.78","4.87","4.67","3.33M","-2.07%"
"04/25/2022","4.82","4.64","4.84","4.60","2.91M","2.55%"
"04/22/2022","4.70","4.75","4.78","4.64","2.34M","-2.69%"
"04/20/2022","4.83","4.83","4.98","4.81","2.10M","-0.41%"
"04/19/2022","4.85","4.80","4.87","4.73","1.50M","0.62%"
"04/18/2022","4.82","4.81","4.87","4.74","2.22M","0.42%"
"04/14/2022","4.80","4.92","4.94","4.79","5.56M","-2.44%"
"04/13/2022","4.92","4.99","5.04","4.91","2.72M","-0.61%"
"04/12/2022","4.95","5.08","5.15","4.92","2.57M","-1.79%"
"04/11/2022","5.04","5.08","5.10","4.97","3.81M","-1.37%"
"04/08/2022","5.11","5.20","5.22","5.07","1.62M","-2.11%"
"04/07/2022","5.22","5.19","5.25","5.12","3.12M","0.38%"
"04/06/2022","5.20","5.44","5.44","5.17","4.88M","-4.41%"
"04/05/2022","5.44","5.50","5.62","5.39","3.34M","-1.27%"
"04/04/2022","5.51","5.60","5.64","5.46","2.81M","-1.25%"
"04/01/2022","5.58","5.40","5.59","5.36","4.53M","4.49%"
"03/31/2022","5.34","5.39","5.51","5.33","7.34M","-1.29%"
"03/30/2022","5.41","5.53","5.53","5.37","3.74M","-1.64%"
"03/29/2022","5.50","5.34","5.55","5.31","6.32M","4.56%"
"03/28/2022","5.26","5.25","5.33","5.17","4.31M","0.96%"
"03/25/2022","5.21","5.13","5.27","5.02","5.94M","1.96%"
"03/24/2022","5.11","5.06","5.14","5.03","3.58M","2.20%"
"03/23/2022","5.00","4.93","5.10","4.83","6.85M","1.01%"
"03/22/2022","4.95","4.84","5.00","4.79","15.88M","2.48%"
"03/21/2022","4.83","4.90","4.90","4.69","4.73M","-1.23%"
"03/18/2022","4.89","4.49","4.91","4.48","10.48M","8.19%"
"03/17/2022","4.52","4.43","4.53","4.31","7.58M","1.80%"
"03/16/2022","4.44","4.34","4.61","4.23","25.15M","3.74%"
"03/15/2022","4.28","4.40","4.40","4.17","11.76M","-3.17%"
"03/14/2022","4.42","4.75","4.75","4.34","10.14M","-5.15%"
"03/11/2022","4.66","5.44","5.44","4.56","26.41M","-13.70%"
"03/10/2022","5.40","5.46","5.50","5.31","4.71M","-0.55%"
"03/09/2022","5.43","5.30","5.47","5.23","4.33M","3.63%"
"03/08/2022","5.24","5.38","5.38","5.09","6.34M","-1.32%"
"03/07/2022","5.31","5.65","5.71","5.26","6.18M","-7.01%"
"03/04/2022","5.71","5.83","5.91","5.62","5.90M","-2.89%"
"03/03/2022","5.88","5.85","5.94","5.81","5.96M","0.51%"
"03/02/2022","5.85","5.88","5.95","5.81","2.91M","-1.85%"
"02/25/2022","5.96","5.82","5.96","5.69","10.04M","1.53%"
"02/24/2022","5.87","5.65","5.90","5.50","5.27M","-0.51%"
"02/23/2022","5.90","5.76","5.98","5.76","4.54M","2.43%"
"02/22/2022","5.76","5.78","5.94","5.71","4.01M","0.52%"
"02/21/2022","5.73","5.89","5.89","5.71","1.32M","-2.39%"
"02/18/2022","5.87","5.98","5.98","5.80","2.48M","-0.84%"
"02/17/2022","5.92","5.94","5.99","5.84","2.79M","-0.50%"
"02/16/2022","5.95","5.86","6.03","5.82","3.84M","1.71%"
"02/15/2022","5.85","5.77","5.87","5.73","2.64M","1.56%"
"02/14/2022","5.76","5.63","5.80","5.62","2.21M","2.31%"
"02/11/2022","5.63","5.81","5.81","5.59","5.51M","-2.60%"
"02/10/2022","5.78","5.70","5.78","5.65","2.81M","1.94%"
"02/09/2022","5.67","5.66","5.78","5.64","2.62M","0.35%"
"02/08/2022","5.65","5.63","5.71","5.56","3.03M","0.18%"
"02/07/2022","5.64","5.71","5.78","5.60","3.20M","-1.05%"
"02/04/2022","5.70","5.62","5.71","5.51","5.33M","1.06%"
"02/03/2022","5.64","5.93","5.99","5.60","13.84M","-4.73%"
"02/02/2022","5.92","6.03","6.09","5.87","3.73M","-1.82%"
"02/01/2022","6.03","6.09","6.16","6.01","2.12M","-1.31%"
"01/31/2022","6.11","6.23","6.26","6.04","10.38M","-2.08%"
"01/28/2022","6.24","6.14","6.25","6.09","2.94M","1.30%"
"01/27/2022","6.16","6.05","6.19","6.01","3.48M","2.84%"
"01/26/2022","5.99","5.96","6.14","5.90","5.79M","0.67%"
"01/25/2022","5.95","5.88","5.95","5.79","3.45M","0.17%"
"01/24/2022","5.94","5.89","6.00","5.72","4.51M","0.51%"
"01/21/2022","5.91","5.84","6.01","5.79","2.68M","0.68%"
"01/20/2022","5.87","5.65","5.90","5.60","4.32M","3.89%"
"01/19/2022","5.65","5.58","5.73","5.58","3.17M","1.80%"
"01/18/2022","5.55","5.62","5.64","5.51","3.83M","-1.25%"
"01/17/2022","5.62","5.71","5.74","5.59","2.60M","-2.43%"
"01/14/2022","5.76","5.85","5.88","5.70","2.73M","-1.54%"
"01/13/2022","5.85","5.78","5.85","5.70","3.29M","1.21%"
"01/12/2022","5.78","5.66","5.79","5.60","2.34M","2.66%"
"01/11/2022","5.63","5.52","5.66","5.46","2.99M","1.99%"
"01/10/2022","5.52","5.70","5.70","5.46","4.02M","-3.16%"
"01/07/2022","5.70","5.65","5.83","5.58","4.31M","0.18%"
"01/06/2022","5.69","5.72","5.83","5.58","3.20M","0.35%"
"01/05/2022","5.67","5.82","5.87","5.67","2.52M","-2.58%"
"01/04/2022","5.82","5.85","5.88","5.74","4.24M","0.17%"
"01/03/2022","5.81","6.08","6.08","5.76","3.09M","-3.65%"
"12/30/2021","6.03","5.97","6.12","5.94","3.69M","1.01%"
"12/29/2021","5.97","6.05","6.07","5.92","2.00M","-1.49%"
"12/28/2021","6.06","6.12","6.13","6.04","1.94M","-0.66%"
"12/27/2021","6.10","5.98","6.10","5.94","2.75M","2.18%"
"12/23/2021","5.97","6.03","6.07","5.93","1.62M","-1.00%"
"12/22/2021","6.03","5.98","6.05","5.90","5.42M","-0.33%"
"12/21/2021","6.05","6.15","6.18","5.94","2.67M","-1.31%"
"12/20/2021","6.13","6.18","6.26","6.01","6.90M","-3.46%"
"12/17/2021","6.35","6.01","6.36","5.97","12.38M","4.27%"
"12/16/2021","6.09","6.13","6.19","6.04","4.01M","-0.49%"
"12/15/2021","6.12","6.19","6.22","6.02","3.49M","-0.97%"
"12/14/2021","6.18","6.15","6.22","6.02","3.36M","1.48%"
"12/13/2021","6.09","6.21","6.24","6.08","2.90M","-1.14%"
"12/10/2021","6.16","6.13","6.22","6.05","3.30M","1.65%"
"12/09/2021","6.06","6.25","6.26","6.04","1.99M","-3.81%"
"12/08/2021","6.30","6.29","6.41","6.22","4.59M","0.16%"
"12/07/2021","6.29","6.20","6.35","6.15","6.31M","3.11%"
"12/06/2021","6.10","5.95","6.20","5.90","8.76M","3.57%"
"12/03/2021","5.89","5.81","5.97","5.79","6.80M","2.43%"
"12/02/2021","5.75","5.72","5.80","5.58","6.84M","1.05%"
"12/01/2021","5.69","5.92","5.92","5.63","5.87M","-2.90%"
"11/30/2021","5.86","5.99","5.99","5.75","6.26M","-1.84%"
"11/29/2021","5.97","6.16","6.16","5.94","5.35M","-1.49%"
"11/26/2021","6.06","6.10","6.18","6.01","3.61M","-3.04%"
"11/25/2021","6.25","6.24","6.32","6.20","4.00M","0.16%"
"11/24/2021","6.24","6.31","6.39","6.19","6.42M","-2.19%"
"11/23/2021","6.38","6.44","6.45","6.22","5.70M","-0.47%"
"11/22/2021","6.41","6.64","6.64","6.41","4.04M","-2.88%"
"11/19/2021","6.60","6.71","6.81","6.59","4.15M","-1.05%"
"11/18/2021","6.67","6.70","6.83","6.63","3.65M","0.15%"
"11/17/2021","6.66","6.89","6.95","6.63","3.38M","-2.77%"
"11/16/2021","6.85","7.25","7.25","6.83","3.37M","-4.60%"
"11/12/2021","7.18","7.30","7.43","7.08","4.97M","-2.45%"
"11/11/2021","7.36","7.30","7.39","7.22","1.90M","1.94%"
"11/10/2021","7.22","7.20","7.33","7.17","2.99M","0.14%"
"11/09/2021","7.21","7.23","7.23","7.10","4.58M","0.56%"
"11/08/2021","7.17","7.15","7.22","7.08","3.26M","-0.28%"
"11/05/2021","7.19","7.19","7.26","7.06","5.41M","0.70%"
"11/04/2021","7.14","7.25","7.35","7.10","5.35M","-1.52%"
"11/03/2021","7.25","7.15","7.36","7.08","4.83M","0.28%"
"11/01/2021","7.23","7.18","7.23","7.03","3.15M","1.40%"
"10/29/2021","7.13","7.26","7.36","7.11","4.53M","-1.93%"
"10/28/2021","7.27","7.37","7.43","7.22","7.39M","-2.42%"
"10/27/2021","7.45","7.55","7.68","7.38","7.51M","-0.93%"
"10/26/2021","7.52","7.64","7.70","7.47","3.45M","-2.34%"
"10/25/2021","7.70","7.72","7.80","7.60","7.00M","0.39%"
"10/22/2021","7.67","7.87","7.89","7.46","7.05M","-3.52%"
"10/21/2021","7.95","8.01","8.09","7.78","6.70M","-2.33%"
"10/20/2021","8.14","8.05","8.18","7.98","6.89M","2.01%"
"10/19/2021","7.98","8.15","8.20","7.94","6.80M","-2.09%"
"10/18/2021","8.15","8.28","8.28","8.07","6.34M","-1.57%"
"10/15/2021","8.28","8.00","8.35","7.95","9.50M","3.63%"
"10/14/2021","7.99","8.09","8.09","7.91","3.39M","0.00%"
"10/13/2021","7.99","7.82","8.14","7.81","5.06M","2.04%"
"10/11/2021","7.83","7.96","8.03","7.79","4.12M","-1.76%"
"10/08/2021","7.97","7.90","8.05","7.87","6.44M","1.53%"
"10/07/2021","7.85","7.81","7.95","7.72","5.04M","0.77%"
"10/06/2021","7.79","7.59","7.84","7.50","7.45M","1.30%"
"10/05/2021","7.69","7.47","7.81","7.41","10.53M","3.36%"
"10/04/2021","7.44","7.62","7.62","7.38","4.01M","-2.62%"
"10/01/2021","7.64","7.54","7.66","7.52","6.39M","0.26%"
"09/30/2021","7.62","7.35","7.72","7.34","13.36M","4.38%"
"09/29/2021","7.30","7.01","7.38","6.92","16.54M","6.57%"
"09/28/2021","6.85","7.06","7.06","6.84","5.01M","-3.39%"
"09/27/2021","7.09","7.17","7.17","7.00","3.81M","-1.12%"
"09/24/2021","7.17","7.19","7.24","7.06","3.17M","-0.97%"
"09/23/2021","7.24","7.08","7.25","7.06","6.08M","2.26%"
"09/22/2021","7.08","7.06","7.12","6.91","5.73M","0.57%"
"09/21/2021","7.04","6.65","7.04","6.65","14.46M","6.34%"
"09/20/2021","6.62","6.60","6.69","6.50","7.51M","-1.34%"
"09/17/2021","6.71","6.63","6.71","6.51","8.20M","0.75%"
"09/16/2021","6.66","6.78","6.80","6.62","3.95M","-1.77%"
"09/15/2021","6.78","6.72","6.78","6.61","2.82M","1.04%"
"09/14/2021","6.71","6.90","6.93","6.68","4.51M","-2.04%"
"09/13/2021","6.85","6.89","6.92","6.76","3.76M","0.74%"
"09/10/2021","6.80","6.81","6.96","6.70","3.98M","0.89%"
"09/09/2021","6.74","6.67","6.79","6.56","4.78M","1.05%"
"09/08/2021","6.67","6.82","6.85","6.64","3.76M","-2.77%"
"09/06/2021","6.86","6.97","7.03","6.86","4.08M","-1.72%"
"09/03/2021","6.98","7.04","7.05","6.91","1.81M","-0.43%"
"09/02/2021","7.01","7.08","7.13","6.98","6.02M","-0.99%"
"09/01/2021","7.08","7.19","7.21","7.08","3.84M","-0.70%"
"08/31/2021","7.13","7.46","7.49","7.13","6.40M","-4.30%"
"08/30/2021","7.45","7.46","7.52","7.37","1.84M","-0.40%"
"08/27/2021","7.48","7.52","7.55","7.43","2.44M","-0.53%"
"08/26/2021","7.52","7.69","7.69","7.52","2.77M","-1.96%"
"08/25/2021","7.67","7.68","7.71","7.60","5.33M","-0.13%"
"08/24/2021","7.68","7.71","7.75","7.59","2.74M","0.92%"
"08/23/2021","7.61","7.60","7.77","7.53","4.31M","0.00%"
"08/20/2021","7.61","7.34","7.67","7.33","20.21M","2.28%"
"08/19/2021","7.44","6.93","7.44","6.92","5.14M","6.29%"
"08/18/2021","7.00","7.06","7.07","6.90","5.43M","-0.43%"
"08/17/2021","7.03","6.95","7.07","6.83","8.50M","0.72%"
"08/16/2021","6.98","7.15","7.17","6.95","5.82M","-2.38%"
"08/13/2021","7.15","7.39","7.41","7.09","4.83M","-2.99%"
"08/12/2021","7.37","7.36","7.42","7.29","1.85M","-0.54%"
"08/11/2021","7.41","7.38","7.44","7.28","2.43M","0.41%"
"08/10/2021","7.38","7.30","7.42","7.25","2.92M","1.10%"
"08/09/2021","7.30","7.37","7.48","7.30","2.94M","-1.22%"
"08/06/2021","7.39","7.48","7.54","7.36","8.27M","-1.20%"
"08/05/2021","7.48","7.56","7.61","7.38","3.97M","-1.06%"
"08/04/2021","7.56","7.10","7.56","7.07","7.59M","5.73%"
"08/03/2021","7.15","7.24","7.24","6.98","9.37M","-0.69%"
"08/02/2021","7.20","7.25","7.26","7.16","5.56M","0.42%"
"07/30/2021","7.17","7.44","7.44","7.15","5.25M","-3.50%"
"07/29/2021","7.43","7.48","7.51","7.30","4.81M","-0.27%"
"07/28/2021","7.45","7.59","7.59","7.38","5.76M","-1.84%"
"07/27/2021","7.59","7.57","7.61","7.47","2.49M","0.13%"
"07/26/2021","7.58","7.80","7.80","7.58","2.95M","-2.82%"
"07/23/2021","7.80","7.80","7.80","7.65","2.52M","0.00%"
"07/22/2021","7.80","7.76","7.91","7.66","4.29M","0.26%"
"07/21/2021","7.78","7.66","7.78","7.57","4.30M","1.57%"
"07/20/2021","7.66","7.53","7.66","7.48","2.95M","1.86%"
"07/19/2021","7.52","7.54","7.59","7.45","2.83M","-1.05%"
"07/16/2021","7.60","7.75","7.77","7.60","3.17M","-1.68%"
"07/15/2021","7.73","7.67","7.76","7.62","3.29M","0.91%"
"07/14/2021","7.66","7.64","7.67","7.56","4.45M","0.79%"
"07/13/2021","7.60","7.45","7.65","7.44","6.61M","1.88%"
"07/12/2021","7.46","7.52","7.55","7.38","6.29M","-0.40%"
"07/08/2021","7.49","7.40","7.49","7.38","4.02M","0.00%"
"07/07/2021","7.49","7.53","7.58","7.42","5.78M","-0.53%"
"07/06/2021","7.53","7.58","7.60","7.40","5.91M","-0.92%"
"07/05/2021","7.60","7.76","7.76","7.51","6.04M","-2.06%"
"07/02/2021","7.76","7.80","7.84","7.65","5.94M","-0.39%"
"07/01/2021","7.79","7.94","7.97","7.70","6.62M","-1.64%"
"06/30/2021","7.92","7.91","7.92","7.77","4.65M","0.00%"
"06/29/2021","7.92","7.82","7.92","7.70","1.93M","1.80%"
"06/28/2021","7.78","7.81","7.86","7.69","4.83M","-0.38%"
"06/25/2021","7.81","8.07","8.07","7.81","3.84M","-3.10%"
"06/24/2021","8.06","8.01","8.06","7.91","3.15M","0.62%"
"06/23/2021","8.01","7.92","8.09","7.90","2.50M","0.50%"
"06/22/2021","7.97","7.84","7.97","7.76","2.04M","1.53%"
"06/21/2021","7.85","7.73","7.85","7.69","3.80M","3.02%"
"06/18/2021","7.62","7.84","8.03","7.62","19.07M","-2.68%"
"06/17/2021","7.83","7.92","7.92","7.75","3.53M","-0.76%"
"06/16/2021","7.89","7.89","7.94","7.84","2.53M","0.13%"
"06/15/2021","7.88","7.90","7.99","7.84","2.62M","0.00%"
"06/14/2021","7.88","8.04","8.04","7.88","5.99M","-1.38%"
"06/11/2021","7.99","8.02","8.09","7.93","1.85M","-0.50%"
"06/10/2021","8.03","7.94","8.06","7.92","2.34M","1.39%"
"06/09/2021","7.92","7.93","7.95","7.88","1.63M","-0.13%"
"06/08/2021","7.93","7.95","8.01","7.85","3.64M","0.13%"
"06/07/2021","7.92","8.05","8.15","7.87","7.55M","-1.37%"
"06/04/2021","8.03","8.10","8.20","8.01","4.93M","-0.74%"
"06/02/2021","8.09","8.20","8.25","7.96","4.43M","-1.34%"
"06/01/2021","8.20","8.17","8.28","8.09","2.90M","0.61%"
"05/31/2021","8.15","8.10","8.16","7.98","1.94M","0.62%"
"05/28/2021","8.10","8.12","8.17","8.03","2.67M","0.00%"
"05/27/2021","8.10","7.95","8.20","7.94","13.47M","2.27%"
"05/26/2021","7.92","8.03","8.13","7.87","3.19M","-0.88%"
"05/25/2021","7.99","7.96","8.08","7.94","3.69M","0.88%"
"05/24/2021","7.92","7.78","8.00","7.76","3.99M","1.54%"
"05/21/2021","7.80","7.65","7.80","7.59","3.54M","2.09%"
"05/20/2021","7.64","7.70","7.73","7.55","4.60M","-0.65%"
"05/19/2021","7.69","7.66","7.74","7.63","1.64M","-0.13%"
"05/18/2021","7.70","7.82","7.85","7.70","2.10M","-0.90%"
"05/17/2021","7.77","7.83","7.89","7.76","2.81M","-0.89%"
"05/14/2021","7.84","7.76","7.84","7.66","3.35M","2.89%"
"05/13/2021","7.62","7.50","7.66","7.49","4.15M","2.42%"
"05/12/2021","7.44","7.67","7.73","7.40","5.38M","-3.12%"
"05/11/2021","7.68","7.76","7.79","7.63","4.15M","-1.79%"
"05/10/2021","7.82","7.85","7.95","7.73","3.84M","-0.26%"
"05/07/2021","7.84","7.82","7.88","7.72","5.68M","0.77%"
"05/06/2021","7.78","8.07","8.07","7.67","6.82M","-3.23%"
"05/05/2021","8.04","8.08","8.17","8.00","2.31M","-0.12%"
"05/04/2021","8.05","8.10","8.17","7.95","4.02M","-0.49%"
"05/03/2021","8.09","8.15","8.19","8.01","7.06M","-0.74%"
"04/30/2021","8.15","8.00","8.15","7.96","7.21M","1.87%"
"04/29/2021","8.00","7.88","8.03","7.80","2.94M","2.56%"
"04/28/2021","7.80","7.85","7.96","7.78","3.18M","-0.13%"
"04/27/2021","7.81","7.79","7.87","7.71","2.59M","0.26%"
"04/26/2021","7.79","7.91","7.94","7.76","4.70M","-1.39%"
"04/23/2021","7.90","7.75","7.92","7.69","4.39M","2.46%"
"04/22/2021","7.71","7.95","7.98","7.71","4.71M","-3.02%"
"04/20/2021","7.95","7.78","7.95","7.76","2.87M","1.92%"
"04/19/2021","7.80","7.79","7.85","7.67","3.23M","0.00%"
"04/16/2021","7.80","7.71","7.86","7.56","8.75M","-0.13%"
"04/15/2021","7.81","8.05","8.12","7.81","7.83M","-2.74%"
"04/14/2021","8.03","8.28","8.33","8.03","3.98M","-3.14%"
"04/13/2021","8.29","8.30","8.35","8.23","5.89M","-0.12%"
"04/12/2021","8.30","8.25","8.43","8.13","3.25M","1.72%"
"04/09/2021","8.16","8.37","8.37","8.08","4.10M","-2.74%"
"04/08/2021","8.39","8.30","8.49","8.20","4.22M","1.70%"
"04/07/2021","8.25","8.66","8.68","8.25","6.81M","-4.62%"
"04/06/2021","8.65","8.58","8.72","8.49","4.25M","0.46%"
"04/05/2021","8.61","8.50","8.61","8.40","3.15M","3.24%"
"04/01/2021","8.34","8.28","8.49","8.16","5.69M","1.71%"
"03/31/2021","8.20","7.88","8.20","7.75","6.89M","4.06%"
"03/30/2021","7.88","7.54","7.88","7.50","4.43M","4.37%"
"03/29/2021","7.55","7.76","7.76","7.46","5.11M","-2.58%"
"03/26/2021","7.75","7.91","8.04","7.60","5.53M","-2.02%"
"03/25/2021","7.91","7.61","8.00","7.42","10.54M","8.50%"
"03/24/2021","7.29","7.45","7.54","7.20","5.30M","-2.80%"
"03/23/2021","7.50","7.33","7.56","7.32","3.46M","2.04%"
"03/22/2021","7.35","7.48","7.58","7.35","2.46M","-2.13%"
"03/19/2021","7.51","7.39","7.51","7.23","4.13M","2.18%"
"03/18/2021","7.35","7.51","7.53","7.27","2.40M","-2.13%"
"03/17/2021","7.51","7.49","7.56","7.41","1.58M","0.13%"
"03/16/2021","7.50","7.50","7.58","7.35","3.52M","0.13%"
"03/15/2021","7.49","7.61","7.68","7.38","3.31M","-2.60%"
"03/12/2021","7.69","7.55","7.69","7.35","4.04M","1.59%"
"03/11/2021","7.57","7.38","7.65","7.27","3.90M","3.84%"
"03/10/2021","7.29","7.54","7.60","7.17","6.85M","-1.75%"
"03/09/2021","7.42","7.62","7.78","7.40","6.21M","-1.33%"
"03/08/2021","7.52","8.13","8.14","7.40","5.12M","-9.51%"
"03/05/2021","8.31","7.81","8.39","7.39","13.08M","6.54%"
"03/04/2021","7.80","7.90","7.98","7.69","2.66M","-0.89%"
"03/03/2021","7.87","7.98","7.98","7.64","7.83M","-1.38%"
"03/02/2021","7.98","7.80","7.98","7.58","2.48M","2.31%"
"03/01/2021","7.80","8.00","8.09","7.80","2.17M","-1.52%"
"02/26/2021","7.92","8.33","8.35","7.92","2.83M","-4.81%"
"02/25/2021","8.32","8.40","8.40","8.12","2.40M","-0.95%"
"02/24/2021","8.40","8.50","8.51","8.26","1.60M","-1.18%"
"02/23/2021","8.50","8.35","8.54","8.30","2.38M","2.16%"
"02/22/2021","8.32","8.23","8.46","8.04","3.21M","-0.36%"
"02/19/2021","8.35","8.40","8.48","8.30","2.40M","-0.71%"
"02/18/2021","8.41","8.42","8.49","8.30","2.28M","0.00%"
"02/17/2021","8.41","8.60","8.64","8.36","1.46M","-1.75%"
"02/12/2021","8.56","8.49","8.56","8.42","1.14M","0.82%"
"02/11/2021","8.49","8.26","8.55","8.26","2.26M","2.91%"
"02/10/2021","8.25","8.35","8.41","8.20","1.98M","-1.67%"
"02/09/2021","8.39","8.32","8.39","8.22","2.57M","0.72%"
"02/08/2021","8.33","8.56","8.57","8.23","2.49M","-2.69%"
"02/05/2021","8.56","8.64","8.70","8.47","2.28M","-0.58%"
"02/04/2021","8.61","8.46","8.68","8.35","3.36M","2.62%"
"02/03/2021","8.39","8.38","8.50","8.38","3.38M","0.36%"
"02/02/2021","8.36","8.49","8.63","8.36","4.28M","-0.83%"
"02/01/2021","8.43","8.55","8.56","8.31","2.42M","0.00%"
"01/29/2021","8.43","8.64","8.64","8.43","3.85M","-2.99%"
"01/28/2021","8.69","8.70","8.75","8.57","3.95M","-0.11%"
"01/27/2021","8.70","8.93","8.94","8.60","3.46M","-2.90%"
"01/26/2021","8.96","8.89","9.00","8.76","2.56M","0.90%"
"01/22/2021","8.88","8.63","8.90","8.50","2.20M","1.95%"
"01/21/2021","8.71","8.87","8.95","8.60","1.70M","-1.80%"
"01/20/2021","8.87","8.94","9.00","8.81","3.65M","-0.45%"
"01/19/2021","8.91","8.95","8.98","8.80","1.30M","0.11%"
"01/18/2021","8.90","8.90","9.07","8.82","2.18M","0.56%"
"01/15/2021","8.85","8.96","9.05","8.72","2.94M","-1.67%"
"01/14/2021","9.00","8.63","9.00","8.61","3.66M","4.53%"
"01/13/2021","8.61","8.58","8.71","8.46","4.59M","0.23%"
"01/12/2021","8.59","8.64","8.69","8.43","7.53M","0.00%"
"01/11/2021","8.59","8.78","8.93","8.58","5.23M","-2.94%"
"01/08/2021","8.85","8.35","8.85","8.27","5.72M","5.99%"
"01/07/2021","8.35","8.21","8.35","8.17","2.59M","2.08%"
"01/06/2021","8.18","8.35","8.45","8.14","5.62M","-2.04%"
"01/05/2021","8.35","8.35","8.35","8.13","3.42M","0.00%"
"01/04/2021","8.35","8.37","8.44","8.15","3.37M","-0.12%"