index,date,open,high,low,close,volume,Name
0,2025-03-10,6.84,6.89,6.81,6.85,2.88,GMAT3
1,2025-02-10,6.85,6.92,6.8,6.84,2.59,GMAT3
2,2025-01-10,6.97,6.98,6.85,6.89,4.02,GMAT3
3,2025-09-30,7.02,7.02,6.91,6.95,5.34,GMAT3
4,2025-09-29,6.92,7.01,6.91,6.99,4.5,GMAT3
5,2025-09-26,7.11,7.11,6.76,6.86,6.4,GMAT3
6,2025-09-25,6.96,7.02,6.84,6.85,7.85,GMAT3
7,2025-09-24,7.02,7.07,6.96,6.99,4.28,GMAT3
8,2025-09-23,7.0,7.09,6.95,7.06,4.32,GMAT3
9,2025-09-22,7.03,7.05,6.87,6.97,4.72,GMAT3
10,2025-09-19,6.99,7.05,6.93,7.05,7.79,GMAT3
11,2025-09-18,7.11,7.11,6.97,7.03,9.11,GMAT3
12,2025-09-17,7.01,7.15,6.96,7.08,5.2,GMAT3
13,2025-09-16,7.01,7.05,6.92,7.03,3.5,GMAT3
14,2025-09-15,6.94,7.07,6.94,7.0,3.72,GMAT3
15,2025-12-09,7.05,7.05,6.9,7.04,3.64,GMAT3
16,2025-11-09,6.95,7.12,6.93,7.06,3.01,GMAT3
17,2025-10-09,7.06,7.07,6.89,7.01,6.36,GMAT3
18,2025-09-09,7.12,7.12,7.0,7.06,6.7,GMAT3
19,2025-08-09,7.28,7.32,7.1,7.14,2.97,GMAT3
20,2025-05-09,7.18,7.39,7.18,7.28,3.66,GMAT3
21,2025-04-09,7.04,7.18,7.02,7.18,2.55,GMAT3
22,2025-03-09,7.04,7.14,7.0,7.03,3.85,GMAT3
23,2025-02-09,7.13,7.15,7.02,7.06,2.77,GMAT3
24,2025-01-09,7.32,7.32,7.15,7.16,1.59,GMAT3
25,2025-08-29,7.21,7.37,7.16,7.3,4.1,GMAT3
26,2025-08-28,7.04,7.33,7.04,7.25,5.36,GMAT3
27,2025-08-27,6.97,7.04,6.89,7.0,3.15,GMAT3
28,2025-08-26,6.91,6.98,6.91,6.93,1.48,GMAT3
29,2025-08-25,7.0,7.04,6.91,6.91,2.17,GMAT3
30,2025-08-22,6.78,7.01,6.77,6.94,4.96,GMAT3
31,2025-08-21,6.87,6.9,6.74,6.78,6.11,GMAT3
32,2025-08-20,6.77,6.88,6.7,6.84,4.19,GMAT3
33,2025-08-19,7.02,7.04,6.77,6.77,3.23,GMAT3
34,2025-08-18,7.05,7.16,7.02,7.07,2.32,GMAT3
35,2025-08-15,7.0,7.04,6.9,7.04,4.86,GMAT3
36,2025-08-14,7.06,7.1,6.91,7.04,7.03,GMAT3
37,2025-08-13,7.59,7.6,7.02,7.11,23.63,GMAT3
38,2025-12-08,7.49,7.68,7.49,7.64,2.28,GMAT3
39,2025-11-08,7.59,7.62,7.45,7.49,2.15,GMAT3
40,2025-08-08,7.74,7.74,7.58,7.58,2.23,GMAT3
41,2025-07-08,7.59,7.73,7.53,7.66,1.71,GMAT3
42,2025-06-08,7.37,7.58,7.34,7.57,2.86,GMAT3
43,2025-05-08,7.33,7.42,7.28,7.37,1.62,GMAT3
44,2025-04-08,7.39,7.39,7.22,7.37,3.0,GMAT3
45,2025-01-08,7.34,7.47,7.27,7.37,2.99,GMAT3
46,2025-07-31,7.37,7.41,7.27,7.33,2.2,GMAT3
47,2025-07-30,7.35,7.45,7.23,7.43,2.79,GMAT3
48,2025-07-29,7.36,7.39,7.26,7.33,2.47,GMAT3
49,2025-07-28,7.58,7.6,7.35,7.36,10.16,GMAT3
50,2025-07-25,7.44,7.58,7.35,7.58,4.42,GMAT3
51,2025-07-24,7.65,7.65,7.38,7.43,3.19,GMAT3
52,2025-07-23,7.52,7.68,7.5,7.61,1.21,GMAT3
53,2025-07-22,7.64,7.65,7.51,7.51,2.6,GMAT3
54,2025-07-21,7.72,7.74,7.58,7.61,1.91,GMAT3
55,2025-07-18,7.92,7.92,7.69,7.71,6.02,GMAT3
56,2025-07-17,7.91,7.95,7.73,7.92,4.02,GMAT3
57,2025-07-16,7.83,7.98,7.68,7.9,4.45,GMAT3
58,2025-07-15,7.77,7.84,7.7,7.8,4.66,GMAT3
59,2025-07-14,7.92,7.95,7.69,7.75,2.67,GMAT3
60,2025-11-07,7.95,8.06,7.91,7.95,2.03,GMAT3
61,2025-10-07,7.85,8.08,7.85,8.01,3.01,GMAT3
62,2025-09-07,8.15,8.15,7.89,7.95,3.98,GMAT3
63,2025-08-07,7.98,8.13,7.98,8.12,2.49,GMAT3
64,2025-07-07,8.08,8.15,7.99,8.02,2.0,GMAT3
65,2025-04-07,8.05,8.15,7.96,8.08,1.14,GMAT3
66,2025-03-07,7.96,8.15,7.95,8.04,4.28,GMAT3
67,2025-02-07,8.24,8.27,7.85,7.91,5.74,GMAT3
68,2025-01-07,8.17,8.38,8.15,8.22,4.34,GMAT3
69,2025-06-30,7.91,8.22,7.79,8.17,6.48,GMAT3
70,2025-06-27,7.93,7.95,7.82,7.9,2.23,GMAT3
71,2025-06-26,7.82,7.98,7.82,7.94,1.99,GMAT3
72,2025-06-25,7.88,7.88,7.7,7.79,1.99,GMAT3
73,2025-06-24,7.69,7.89,7.65,7.86,3.28,GMAT3
74,2025-06-23,7.65,7.69,7.54,7.67,2.9,GMAT3
75,2025-06-20,7.84,7.85,7.64,7.67,5.75,GMAT3
76,2025-06-18,8.0,8.04,7.85,7.95,2.81,GMAT3
77,2025-06-17,7.86,8.02,7.86,8.0,3.08,GMAT3
78,2025-06-16,7.85,8.0,7.74,7.92,2.57,GMAT3
79,2025-06-13,7.9,7.9,7.74,7.78,1.58,GMAT3
80,2025-12-06,7.86,8.05,7.8,7.95,2.03,GMAT3
81,2025-11-06,7.84,7.99,7.71,7.9,1.98,GMAT3
82,2025-10-06,7.77,8.03,7.77,7.84,4.3,GMAT3
83,2025-09-06,7.75,7.8,7.64,7.73,2.05,GMAT3
84,2025-06-06,7.82,7.91,7.69,7.82,11.37,GMAT3
85,2025-05-06,7.97,8.09,7.82,7.85,2.04,GMAT3
86,2025-04-06,8.02,8.11,7.97,8.01,2.74,GMAT3
87,2025-03-06,7.9,8.02,7.85,8.02,3.43,GMAT3
88,2025-02-06,7.93,8.08,7.7,7.89,5.11,GMAT3
89,2025-05-30,7.99,8.05,7.85,7.99,2.84,GMAT3
90,2025-05-29,8.18,8.21,7.95,8.0,3.28,GMAT3
91,2025-05-28,8.14,8.19,8.04,8.14,1.73,GMAT3
92,2025-05-27,7.9,8.15,7.89,8.13,4.59,GMAT3
93,2025-05-26,7.76,7.93,7.76,7.9,1.8,GMAT3
94,2025-05-23,7.68,7.79,7.53,7.76,2.12,GMAT3
95,2025-05-22,7.52,7.9,7.41,7.78,2.88,GMAT3
96,2025-05-21,7.91,7.92,7.58,7.63,2.86,GMAT3
97,2025-05-20,7.89,7.97,7.78,7.96,2.14,GMAT3
98,2025-05-19,7.78,8.0,7.74,7.93,2.17,GMAT3
99,2025-05-16,7.66,7.79,7.58,7.79,2.98,GMAT3
100,2025-05-15,7.58,7.83,7.58,7.72,4.07,GMAT3
101,2025-05-14,7.67,7.71,7.58,7.62,2.16,GMAT3
102,2025-05-13,7.52,7.78,7.49,7.69,2.01,GMAT3
103,2025-12-05,7.61,7.69,7.39,7.5,2.24,GMAT3
104,2025-09-05,7.67,7.77,7.57,7.58,2.35,GMAT3
105,2025-08-05,7.69,7.93,7.61,7.67,3.76,GMAT3
106,2025-07-05,7.67,7.7,7.5,7.6,3.59,GMAT3
107,2025-06-05,7.77,7.85,7.49,7.68,6.61,GMAT3
108,2025-05-05,7.78,7.83,7.63,7.7,2.49,GMAT3
109,2025-02-05,7.78,7.83,7.67,7.75,4.17,GMAT3
110,2025-04-30,7.66,7.82,7.58,7.7,4.79,GMAT3
111,2025-04-29,7.65,7.86,7.57,7.71,4.72,GMAT3
112,2025-04-28,7.64,7.71,7.56,7.6,3.44,GMAT3
113,2025-04-25,7.63,7.75,7.57,7.6,4.51,GMAT3
114,2025-04-24,7.47,7.79,7.35,7.6,5.17,GMAT3
115,2025-04-23,7.48,7.55,7.34,7.43,3.24,GMAT3
116,2025-04-22,7.49,7.52,7.33,7.33,2.96,GMAT3
117,2025-04-17,7.38,7.47,7.26,7.47,4.38,GMAT3
118,2025-04-16,7.41,7.45,7.29,7.38,3.22,GMAT3
119,2025-04-15,7.47,7.48,7.35,7.44,3.11,GMAT3
120,2025-04-14,7.61,7.72,7.41,7.44,3.77,GMAT3
121,2025-11-04,7.47,7.7,7.36,7.57,7.09,GMAT3
122,2025-10-04,7.24,7.44,7.19,7.44,7.36,GMAT3
123,2025-09-04,6.71,7.27,6.68,7.26,5.05,GMAT3
124,2025-08-04,7.0,7.01,6.74,6.76,3.73,GMAT3
125,2025-07-04,6.86,7.19,6.79,6.95,3.83,GMAT3
126,2025-04-04,7.47,7.51,6.97,7.04,4.27,GMAT3
127,2025-03-04,7.12,7.62,7.08,7.58,8.69,GMAT3
128,2025-02-04,7.03,7.18,7.01,7.12,3.06,GMAT3
129,2025-01-04,6.77,7.09,6.74,7.03,2.69,GMAT3
130,2025-03-31,6.9,6.96,6.78,6.78,4.2,GMAT3
131,2025-03-28,7.08,7.11,6.96,6.99,5.31,GMAT3
132,2025-03-27,6.86,7.19,6.79,7.07,6.1,GMAT3
133,2025-03-26,6.69,6.91,6.69,6.85,3.57,GMAT3
134,2025-03-25,6.59,6.79,6.56,6.73,3.06,GMAT3
135,2025-03-24,6.72,6.77,6.57,6.58,5.16,GMAT3
136,2025-03-21,6.71,6.72,6.61,6.7,2.6,GMAT3
137,2025-03-20,6.74,6.77,6.64,6.68,2.32,GMAT3
138,2025-03-19,6.75,6.91,6.71,6.89,4.06,GMAT3
139,2025-03-18,6.41,6.55,6.34,6.5,2.82,GMAT3
140,2025-03-17,6.44,6.46,6.27,6.4,3.1,GMAT3
141,2025-03-14,6.32,6.49,6.32,6.45,2.6,GMAT3
142,2025-03-13,6.36,6.39,6.22,6.32,1.98,GMAT3
143,2025-12-03,6.19,6.36,6.19,6.36,3.07,GMAT3
144,2025-11-03,6.28,6.29,6.14,6.21,2.35,GMAT3
145,2025-10-03,6.3,6.31,6.18,6.25,3.26,GMAT3
146,2025-07-03,6.17,6.31,6.07,6.31,4.77,GMAT3
147,2025-06-03,6.29,6.29,6.08,6.17,4.2,GMAT3
148,2025-05-03,6.3,6.33,6.19,6.25,2.51,GMAT3
149,2025-02-28,6.61,6.66,6.37,6.38,6.63,GMAT3
150,2025-02-27,6.68,6.72,6.55,6.6,4.21,GMAT3
151,2025-02-26,6.87,6.88,6.62,6.69,5.24,GMAT3
152,2025-02-25,6.76,7.08,6.7,6.82,5.55,GMAT3
153,2025-02-24,6.88,6.96,6.73,6.78,3.98,GMAT3
154,2025-02-21,6.99,7.04,6.88,6.94,3.68,GMAT3
155,2025-02-20,6.98,7.12,6.95,6.99,3.61,GMAT3
156,2025-02-19,7.1,7.13,6.96,6.97,3.34,GMAT3
157,2025-02-18,7.36,7.37,7.04,7.12,6.51,GMAT3
158,2025-02-17,7.12,7.46,7.09,7.35,7.14,GMAT3
159,2025-02-14,6.73,7.12,6.73,7.12,7.19,GMAT3
160,2025-02-13,6.58,6.82,6.51,6.76,4.49,GMAT3
161,2025-12-02,6.65,6.68,6.49,6.58,3.35,GMAT3
162,2025-11-02,6.52,6.82,6.47,6.67,4.44,GMAT3
163,2025-10-02,6.6,6.74,6.5,6.52,2.9,GMAT3
164,2025-07-02,6.83,6.83,6.53,6.61,3.3,GMAT3
165,2025-06-02,6.74,6.84,6.66,6.79,2.82,GMAT3
166,2025-05-02,6.69,6.74,6.61,6.69,2.33,GMAT3
167,2025-04-02,6.68,6.75,6.64,6.7,2.74,GMAT3
168,2025-03-02,6.61,6.75,6.57,6.71,4.01,GMAT3
169,2025-01-31,6.66,6.75,6.56,6.68,5.16,GMAT3
170,2025-01-30,6.42,6.71,6.42,6.67,3.32,GMAT3
171,2025-01-29,6.46,6.53,6.41,6.44,2.38,GMAT3
172,2025-01-28,6.5,6.58,6.46,6.49,3.49,GMAT3
173,2025-01-27,6.29,6.62,6.28,6.53,5.6,GMAT3
174,2025-01-24,6.25,6.41,6.23,6.3,4.03,GMAT3
175,2025-01-23,6.36,6.44,6.16,6.28,3.64,GMAT3
176,2025-01-22,6.3,6.47,6.28,6.36,4.48,GMAT3
177,2025-01-21,6.16,6.3,6.1,6.3,2.84,GMAT3
178,2025-01-20,6.21,6.28,6.14,6.15,2.73,GMAT3
179,2025-01-17,6.19,6.29,6.06,6.26,4.17,GMAT3
180,2025-01-16,6.23,6.23,6.08,6.16,3.97,GMAT3
181,2025-01-15,6.01,6.22,5.93,6.17,4.62,GMAT3
182,2025-01-14,5.89,5.96,5.85,5.95,3.42,GMAT3
183,2025-01-13,5.97,5.98,5.87,5.89,3.67,GMAT3
184,2025-10-01,6.07,6.07,5.85,5.97,3.54,GMAT3
185,2025-09-01,6.03,6.08,5.97,6.03,3.53,GMAT3
186,2025-08-01,6.22,6.22,6.0,6.04,3.43,GMAT3
187,2025-07-01,6.14,6.28,6.13,6.22,6.26,GMAT3
188,2025-06-01,5.98,6.12,5.97,6.11,6.13,GMAT3
189,2025-03-01,6.07,6.09,5.88,5.96,4.73,GMAT3
190,2025-02-01,6.33,6.37,6.05,6.05,6.34,GMAT3
191,2024-12-30,6.48,6.56,6.23,6.39,4.15,GMAT3
192,2024-12-27,6.94,6.98,6.43,6.5,5.93,GMAT3
193,2024-12-26,6.99,7.02,6.9,6.94,5.26,GMAT3
194,2024-12-23,6.92,6.96,6.82,6.95,5.45,GMAT3
195,2024-12-20,6.78,6.98,6.66,6.98,8.49,GMAT3
196,2024-12-19,6.64,6.79,6.62,6.76,4.7,GMAT3
197,2024-12-18,6.83,6.89,6.62,6.67,4.79,GMAT3
198,2024-12-17,6.74,6.92,6.66,6.86,4.06,GMAT3
199,2024-12-16,6.89,6.89,6.67,6.74,4.39,GMAT3
200,2024-12-13,7.06,7.06,6.82,6.82,4.01,GMAT3
201,2024-12-12,7.43,7.45,6.97,7.04,5.44,GMAT3
202,2024-11-12,7.41,7.64,7.3,7.43,8.03,GMAT3
203,2024-10-12,7.15,7.42,7.09,7.33,8.25,GMAT3
204,2024-09-12,7.1,7.21,6.98,7.12,3.06,GMAT3
205,2024-06-12,7.16,7.22,7.07,7.12,5.19,GMAT3
206,2024-05-12,7.12,7.36,7.12,7.16,6.77,GMAT3
207,2024-04-12,7.17,7.22,7.08,7.09,7.4,GMAT3
208,2024-03-12,7.05,7.21,7.03,7.17,7.06,GMAT3
209,2024-02-12,7.03,7.11,6.97,7.02,7.63,GMAT3
210,2024-11-29,6.97,7.07,6.85,6.98,4.19,GMAT3
211,2024-11-28,7.23,7.23,6.97,6.97,5.02,GMAT3
212,2024-11-27,7.32,7.4,7.13,7.2,4.3,GMAT3
213,2024-11-26,7.3,7.36,7.14,7.32,5.55,GMAT3
214,2024-11-25,7.25,7.32,7.2,7.2,4.76,GMAT3
215,2024-11-22,7.02,7.25,6.97,7.25,4.11,GMAT3
216,2024-11-21,7.06,7.09,6.98,7.02,4.1,GMAT3
217,2024-11-19,7.16,7.26,7.06,7.06,3.24,GMAT3
218,2024-11-18,7.2,7.38,7.13,7.16,3.95,GMAT3
219,2024-11-14,7.38,7.39,7.18,7.24,4.48,GMAT3
220,2024-11-13,7.4,7.5,7.26,7.37,3.69,GMAT3
221,2024-12-11,7.58,7.82,7.4,7.41,7.13,GMAT3
222,2024-11-11,7.3,7.51,7.3,7.42,4.73,GMAT3
223,2024-08-11,7.32,7.36,7.18,7.33,2.61,GMAT3
224,2024-07-11,7.61,7.69,7.3,7.37,2.62,GMAT3
225,2024-06-11,7.55,7.65,7.39,7.62,2.16,GMAT3
226,2024-05-11,7.54,7.64,7.47,7.61,2.02,GMAT3
227,2024-04-11,7.49,7.62,7.34,7.59,2.84,GMAT3
228,2024-01-11,7.6,7.65,7.37,7.41,3.32,GMAT3
229,2024-10-31,7.37,7.53,7.37,7.53,8.46,GMAT3
230,2024-10-30,7.16,7.46,7.16,7.42,2.56,GMAT3
231,2024-10-29,7.34,7.36,7.12,7.16,3.73,GMAT3
232,2024-10-28,7.3,7.38,7.23,7.34,3.35,GMAT3
233,2024-10-25,7.41,7.43,7.23,7.24,5.72,GMAT3
234,2024-10-24,7.39,7.43,7.26,7.38,4.55,GMAT3
235,2024-10-23,7.29,7.44,7.29,7.39,3.43,GMAT3
236,2024-10-22,7.24,7.35,7.14,7.35,2.74,GMAT3
237,2024-10-21,7.28,7.33,7.17,7.28,2.98,GMAT3
238,2024-10-18,7.46,7.48,7.27,7.28,2.45,GMAT3
239,2024-10-17,7.33,7.48,7.27,7.43,2.12,GMAT3
240,2024-10-16,7.34,7.42,7.21,7.41,3.75,GMAT3
241,2024-10-15,7.22,7.34,7.21,7.28,2.23,GMAT3
242,2024-10-14,7.21,7.32,7.17,7.21,3.0,GMAT3
243,2024-11-10,7.17,7.27,7.02,7.24,4.14,GMAT3
244,2024-10-10,7.26,7.32,7.18,7.18,2.8,GMAT3
245,2024-09-10,7.34,7.34,7.18,7.2,1.83,GMAT3
246,2024-08-10,7.17,7.4,7.17,7.34,2.28,GMAT3
247,2024-07-10,7.25,7.37,7.17,7.23,2.43,GMAT3
248,2024-04-10,7.36,7.38,7.22,7.31,2.37,GMAT3
249,2024-03-10,7.43,7.47,7.34,7.34,3.13,GMAT3
250,2024-02-10,7.27,7.52,7.27,7.47,3.28,GMAT3
251,2024-01-10,7.44,7.44,7.28,7.28,4.9,GMAT3
252,2024-09-30,7.42,7.47,7.28,7.36,3.76,GMAT3
253,2024-09-27,7.29,7.59,7.29,7.46,3.11,GMAT3
254,2024-09-26,7.09,7.34,7.06,7.32,3.41,GMAT3
255,2024-09-25,7.21,7.27,6.98,7.01,3.03,GMAT3
256,2024-09-24,7.05,7.24,7.05,7.21,2.17,GMAT3
257,2024-09-23,7.01,7.08,6.97,7.04,3.1,GMAT3
258,2024-09-20,7.11,7.16,6.91,7.07,4.64,GMAT3
259,2024-09-19,7.43,7.43,7.05,7.11,2.22,GMAT3
260,2024-09-18,7.32,7.41,7.24,7.31,6.08,GMAT3
261,2024-09-17,7.31,7.37,7.24,7.33,1.9,GMAT3
262,2024-09-16,7.31,7.38,7.26,7.35,2.04,GMAT3
263,2024-09-13,7.55,7.57,7.3,7.38,5.55,GMAT3
264,2024-12-09,7.85,7.86,7.55,7.57,3.11,GMAT3
265,2024-11-09,7.78,7.93,7.68,7.89,6.34,GMAT3
266,2024-10-09,7.74,7.84,7.66,7.77,4.29,GMAT3
267,2024-09-09,7.6,7.81,7.47,7.72,11.83,GMAT3
268,2024-06-09,7.88,8.04,7.87,7.98,3.37,GMAT3
269,2024-05-09,7.86,7.93,7.78,7.9,1.36,GMAT3
270,2024-04-09,7.72,7.94,7.7,7.88,2.16,GMAT3
271,2024-03-09,7.73,7.86,7.65,7.72,2.49,GMAT3
272,2024-02-09,7.72,7.82,7.58,7.79,2.28,GMAT3
273,2024-08-30,7.84,7.87,7.67,7.78,2.41,GMAT3
274,2024-08-29,7.93,7.98,7.79,7.82,2.98,GMAT3
275,2024-08-28,8.02,8.06,7.88,7.93,4.9,GMAT3
276,2024-08-27,7.87,8.1,7.87,8.04,2.39,GMAT3
277,2024-08-26,7.91,8.01,7.84,7.91,2.35,GMAT3
278,2024-08-23,7.74,7.98,7.7,7.91,3.02,GMAT3
279,2024-08-22,7.82,7.91,7.67,7.77,2.06,GMAT3
280,2024-08-21,7.75,7.85,7.65,7.76,1.42,GMAT3
281,2024-08-20,7.75,7.89,7.71,7.75,2.26,GMAT3
282,2024-08-19,7.89,7.89,7.76,7.81,2.63,GMAT3
283,2024-08-16,7.98,7.99,7.75,7.8,2.95,GMAT3
284,2024-08-15,7.95,7.99,7.81,7.9,1.79,GMAT3
285,2024-08-14,7.75,8.02,7.75,7.96,2.04,GMAT3
286,2024-08-13,7.9,8.02,7.76,7.85,2.24,GMAT3
287,2024-12-08,7.8,7.97,7.73,7.87,3.39,GMAT3
288,2024-09-08,7.6,7.87,7.6,7.84,4.36,GMAT3
289,2024-08-08,7.36,7.7,7.34,7.61,4.56,GMAT3
290,2024-07-08,7.06,7.42,7.03,7.36,4.57,GMAT3
291,2024-06-08,6.97,7.09,6.93,6.99,2.99,GMAT3
292,2024-05-08,6.7,6.98,6.66,6.96,2.83,GMAT3
293,2024-02-08,6.63,6.9,6.61,6.9,4.38,GMAT3
294,2024-01-08,6.61,6.84,6.61,6.72,3.21,GMAT3
295,2024-07-31,6.59,6.7,6.59,6.61,3.17,GMAT3
296,2024-07-30,6.62,6.66,6.5,6.59,2.66,GMAT3
297,2024-07-29,6.86,6.87,6.58,6.59,4.85,GMAT3
298,2024-07-26,6.89,6.89,6.75,6.83,4.15,GMAT3
299,2024-07-25,6.93,6.96,6.83,6.83,1.88,GMAT3
300,2024-07-24,7.09,7.15,6.93,6.95,2.94,GMAT3
301,2024-07-23,7.14,7.15,7.01,7.03,1.44,GMAT3
302,2024-07-22,7.06,7.2,6.99,7.14,1.8,GMAT3
303,2024-07-19,7.05,7.16,7.02,7.03,2.25,GMAT3
304,2024-07-18,7.32,7.32,6.97,7.07,6.97,GMAT3
305,2024-07-17,7.31,7.42,7.24,7.29,2.83,GMAT3
306,2024-07-16,7.18,7.3,7.12,7.3,2.34,GMAT3
307,2024-07-15,7.19,7.25,7.12,7.21,1.19,GMAT3
308,2024-12-07,7.16,7.29,7.07,7.2,2.69,GMAT3
309,2024-11-07,7.19,7.28,7.07,7.17,3.76,GMAT3
310,2024-10-07,7.22,7.29,7.13,7.16,4.52,GMAT3
311,2024-09-07,7.24,7.28,7.17,7.23,1.98,GMAT3
312,2024-08-07,7.19,7.43,7.19,7.27,6.77,GMAT3
313,2024-05-07,7.05,7.31,6.96,7.23,3.39,GMAT3
314,2024-04-07,6.95,7.12,6.95,7.05,2.18,GMAT3
315,2024-03-07,6.79,7.04,6.78,6.89,6.74,GMAT3
316,2024-02-07,6.74,6.84,6.68,6.77,2.97,GMAT3
317,2024-01-07,6.84,6.86,6.72,6.76,3.68,GMAT3
318,2024-06-28,7.06,7.14,6.76,6.85,5.25,GMAT3
319,2024-06-27,6.89,7.11,6.81,7.07,5.63,GMAT3
320,2024-06-26,6.92,6.99,6.77,6.88,5.63,GMAT3
321,2024-06-25,6.99,7.11,6.9,7.0,4.12,GMAT3
322,2024-06-24,7.05,7.13,6.91,7.01,3.44,GMAT3
323,2024-06-21,6.99,7.14,6.97,7.06,2.19,GMAT3
324,2024-06-20,7.07,7.29,7.03,7.05,2.21,GMAT3
325,2024-06-19,7.05,7.15,6.94,7.15,2.61,GMAT3
326,2024-06-18,7.02,7.18,6.93,7.07,1.75,GMAT3
327,2024-06-17,7.06,7.16,7.03,7.03,3.31,GMAT3
328,2024-06-14,7.23,7.28,7.09,7.11,3.6,GMAT3
329,2024-06-13,7.35,7.39,7.15,7.23,4.7,GMAT3
330,2024-12-06,7.62,7.74,7.3,7.39,2.58,GMAT3
331,2024-11-06,7.49,7.68,7.49,7.54,1.81,GMAT3
332,2024-10-06,7.64,7.64,7.41,7.48,1.24,GMAT3
333,2024-07-06,7.64,7.76,7.55,7.61,6.75,GMAT3
334,2024-06-06,7.61,7.8,7.57,7.69,4.43,GMAT3
335,2024-05-06,7.48,7.71,7.43,7.64,4.34,GMAT3
336,2024-04-06,7.6,7.63,7.44,7.49,2.95,GMAT3
337,2024-03-06,7.62,7.69,7.57,7.64,8.31,GMAT3
338,2024-05-31,7.64,7.72,7.55,7.62,7.71,GMAT3
339,2024-05-29,7.37,7.75,7.37,7.68,6.7,GMAT3
340,2024-05-28,7.41,7.48,7.33,7.35,1.26,GMAT3
341,2024-05-27,7.34,7.47,7.26,7.41,2.0,GMAT3
342,2024-05-25,7.46,7.46,7.46,7.46,,GMAT3
343,2024-05-24,7.54,7.59,7.29,7.36,2.88,GMAT3
344,2024-05-23,7.67,7.69,7.43,7.46,4.2,GMAT3
345,2024-05-22,7.89,7.94,7.68,7.68,4.35,GMAT3
346,2024-05-21,7.96,8.01,7.85,7.91,2.24,GMAT3
347,2024-05-20,7.91,8.04,7.84,7.96,2.37,GMAT3
348,2024-05-17,7.88,7.97,7.79,7.92,3.14,GMAT3
349,2024-05-16,7.83,7.96,7.71,7.89,2.65,GMAT3
350,2024-05-15,7.83,7.93,7.75,7.77,5.5,GMAT3
351,2024-05-14,7.62,7.89,7.62,7.83,2.84,GMAT3
352,2024-05-13,7.73,7.8,7.67,7.71,2.32,GMAT3
353,2024-10-05,7.69,7.84,7.62,7.76,3.76,GMAT3
354,2024-09-05,7.63,7.86,7.57,7.75,9.05,GMAT3
355,2024-08-05,7.57,7.7,7.41,7.66,4.89,GMAT3
356,2024-07-05,7.35,7.64,7.33,7.56,5.07,GMAT3
357,2024-06-05,7.42,7.52,7.3,7.37,4.0,GMAT3
358,2024-03-05,7.31,7.6,7.31,7.43,5.29,GMAT3
359,2024-02-05,7.35,7.44,7.07,7.2,6.28,GMAT3
360,2024-04-30,7.45,7.48,7.24,7.27,4.0,GMAT3
361,2024-04-29,7.39,7.52,7.36,7.51,3.28,GMAT3
362,2024-04-26,7.21,7.43,7.19,7.39,3.05,GMAT3
363,2024-04-25,7.15,7.24,7.05,7.2,3.05,GMAT3
364,2024-04-24,7.28,7.28,7.06,7.15,3.46,GMAT3
365,2024-04-23,7.24,7.28,7.1,7.22,5.49,GMAT3
366,2024-04-22,7.35,7.37,7.19,7.28,2.47,GMAT3
367,2024-04-19,7.16,7.45,7.16,7.35,4.06,GMAT3
368,2024-04-18,7.16,7.36,7.16,7.16,2.62,GMAT3
369,2024-04-17,7.29,7.41,7.14,7.19,5.4,GMAT3
370,2024-04-16,7.49,7.49,7.23,7.27,7.34,GMAT3
371,2024-04-15,7.78,7.81,7.49,7.53,7.84,GMAT3
372,2024-12-04,8.06,8.06,7.72,7.82,5.41,GMAT3
373,2024-11-04,7.98,8.15,7.95,8.06,3.3,GMAT3
374,2024-10-04,8.06,8.06,7.92,8.01,3.27,GMAT3
375,2024-09-04,8.05,8.14,7.98,8.07,3.29,GMAT3
376,2024-08-04,8.07,8.13,8.01,8.07,4.22,GMAT3
377,2024-05-04,8.0,8.12,7.9,8.07,3.91,GMAT3
378,2024-04-04,8.06,8.23,8.01,8.04,6.95,GMAT3
379,2024-03-04,8.18,8.18,7.93,8.05,5.94,GMAT3
380,2024-02-04,8.25,8.27,8.04,8.18,3.03,GMAT3
381,2024-01-04,8.55,8.6,8.24,8.3,6.15,GMAT3
382,2024-03-28,8.31,8.61,8.31,8.53,8.74,GMAT3
383,2024-03-27,8.22,8.42,8.17,8.31,5.83,GMAT3
384,2024-03-26,7.92,8.29,7.92,8.24,5.18,GMAT3
385,2024-03-25,7.9,8.13,7.88,8.02,4.19,GMAT3
386,2024-03-23,8.15,8.15,8.15,8.15,,GMAT3
387,2024-03-22,8.17,8.17,7.91,7.94,5.08,GMAT3
388,2024-03-21,8.19,8.22,8.1,8.21,5.9,GMAT3
389,2024-03-20,7.93,8.21,7.9,8.15,4.24,GMAT3
390,2024-03-19,8.0,8.01,7.88,7.93,2.48,GMAT3
391,2024-03-18,7.87,8.05,7.85,8.0,7.07,GMAT3
392,2024-03-15,8.06,8.11,7.84,7.9,7.1,GMAT3
393,2024-03-14,8.04,8.13,7.94,8.11,2.07,GMAT3
394,2024-03-13,7.87,8.07,7.84,8.04,2.4,GMAT3
395,2024-12-03,7.76,7.93,7.71,7.89,2.71,GMAT3
396,2024-11-03,7.87,7.92,7.69,7.73,2.94,GMAT3
397,2024-08-03,7.91,7.99,7.74,7.89,3.69,GMAT3
398,2024-07-03,7.89,8.15,7.83,8.01,9.87,GMAT3
399,2024-06-03,7.53,7.69,7.53,7.6,7.85,GMAT3
400,2024-05-03,7.65,7.73,7.46,7.5,6.07,GMAT3
401,2024-04-03,7.7,7.77,7.58,7.6,3.99,GMAT3
402,2024-01-03,7.87,7.9,7.69,7.75,6.64,GMAT3
403,2024-02-29,7.74,7.87,7.65,7.87,5.16,GMAT3
404,2024-02-28,7.91,7.91,7.59,7.74,8.15,GMAT3
405,2024-02-27,7.88,8.07,7.81,7.93,5.92,GMAT3
406,2024-02-26,7.73,7.91,7.71,7.88,3.59,GMAT3
407,2024-02-23,7.83,7.86,7.68,7.78,9.4,GMAT3
408,2024-02-22,7.59,7.85,7.53,7.85,4.81,GMAT3
409,2024-02-21,7.19,7.59,7.17,7.59,6.5,GMAT3
410,2024-02-20,7.05,7.25,7.0,7.23,5.03,GMAT3
411,2024-02-19,7.05,7.18,6.98,7.06,2.98,GMAT3
412,2024-02-16,7.26,7.27,7.03,7.1,4.73,GMAT3
413,2024-02-15,7.24,7.36,7.2,7.21,3.74,GMAT3
414,2024-02-14,7.39,7.39,7.18,7.24,9.62,GMAT3
415,2024-09-02,7.16,7.41,7.13,7.41,5.41,GMAT3
416,2024-08-02,7.26,7.32,6.96,7.22,6.85,GMAT3
417,2024-07-02,7.13,7.36,7.02,7.32,7.89,GMAT3
418,2024-06-02,6.96,7.21,6.76,7.21,7.19,GMAT3
419,2024-05-02,6.85,7.0,6.77,6.94,9.52,GMAT3
420,2024-02-02,6.65,6.85,6.58,6.85,5.32,GMAT3
421,2024-01-02,6.68,6.74,6.53,6.64,4.11,GMAT3
422,2024-01-31,6.71,6.91,6.7,6.71,3.4,GMAT3
423,2024-01-30,6.6,6.72,6.56,6.71,3.68,GMAT3
424,2024-01-29,6.72,6.82,6.56,6.61,3.23,GMAT3
425,2024-01-26,6.61,6.77,6.57,6.71,4.37,GMAT3
426,2024-01-25,6.47,6.72,6.4,6.61,4.06,GMAT3
427,2024-01-24,6.55,6.61,6.43,6.48,5.44,GMAT3
428,2024-01-23,6.44,6.61,6.43,6.54,4.99,GMAT3
429,2024-01-22,6.82,6.87,6.41,6.42,5.3,GMAT3
430,2024-01-19,6.75,6.82,6.66,6.82,3.35,GMAT3
431,2024-01-18,6.72,6.78,6.65,6.72,2.78,GMAT3
432,2024-01-17,6.86,6.93,6.64,6.72,9.99,GMAT3
433,2024-01-16,6.89,6.93,6.79,6.86,2.83,GMAT3
434,2024-01-15,6.88,6.94,6.77,6.9,2.69,GMAT3
435,2024-12-01,6.83,7.01,6.79,6.87,3.84,GMAT3
436,2024-11-01,6.82,6.87,6.71,6.76,2.96,GMAT3
437,2024-10-01,7.07,7.07,6.78,6.8,3.75,GMAT3
438,2024-09-01,6.96,7.1,6.87,7.04,5.03,GMAT3
439,2024-08-01,6.77,6.99,6.72,6.97,2.8,GMAT3
440,2024-05-01,6.68,6.97,6.65,6.77,4.33,GMAT3
441,2024-04-01,6.77,6.82,6.56,6.68,3.04,GMAT3
442,2024-03-01,6.76,6.8,6.66,6.75,2.25,GMAT3
443,2024-02-01,6.95,6.95,6.7,6.72,3.18,GMAT3
444,2023-12-28,6.88,7.05,6.8,7.0,4.72,GMAT3
445,2023-12-27,6.96,7.0,6.86,6.86,5.66,GMAT3
446,2023-12-26,6.68,7.02,6.63,6.99,6.08,GMAT3
447,2023-12-22,6.86,6.9,6.67,6.71,4.99,GMAT3
448,2023-12-21,6.64,6.85,6.61,6.84,10.34,GMAT3
449,2023-12-20,6.49,6.64,6.49,6.57,5.7,GMAT3
450,2023-12-19,6.53,6.66,6.51,6.54,4.58,GMAT3
451,2023-12-18,6.61,6.61,6.44,6.48,5.72,GMAT3
452,2023-12-15,6.74,6.74,6.51,6.53,5.52,GMAT3
453,2023-12-14,6.48,7.05,6.48,6.69,10.07,GMAT3
454,2023-12-13,5.99,6.53,5.99,6.53,5.87,GMAT3
455,2023-12-12,6.08,6.08,5.99,5.99,1.99,GMAT3
456,2023-11-12,6.16,6.16,5.97,6.04,5.93,GMAT3
457,2023-08-12,6.43,6.46,6.16,6.16,6.16,GMAT3
458,2023-07-12,6.19,6.41,6.13,6.41,4.53,GMAT3
459,2023-06-12,6.32,6.35,6.12,6.18,6.39,GMAT3
460,2023-05-12,6.21,6.38,6.17,6.25,8.82,GMAT3
461,2023-04-12,6.29,6.34,6.18,6.21,4.66,GMAT3
462,2023-01-12,6.11,6.34,6.08,6.34,8.25,GMAT3
463,2023-11-30,6.07,6.19,6.02,6.19,8.61,GMAT3
464,2023-11-29,6.17,6.18,5.99,6.07,7.77,GMAT3
465,2023-11-28,6.1,6.24,6.01,6.09,5.24,GMAT3
466,2023-11-27,5.85,6.12,5.84,6.1,5.11,GMAT3
467,2023-11-24,6.09,6.1,5.84,5.85,7.99,GMAT3
468,2023-11-23,6.1,6.2,5.94,6.09,6.06,GMAT3
469,2023-11-22,6.0,6.2,5.97,6.07,4.0,GMAT3
470,2023-11-21,5.9,6.0,5.8,5.95,5.3,GMAT3
471,2023-11-20,5.93,5.95,5.85,5.9,5.68,GMAT3
472,2023-11-17,6.14,6.14,5.89,5.93,8.1,GMAT3
473,2023-11-16,5.87,6.15,5.87,6.09,11.33,GMAT3
474,2023-11-14,5.86,6.02,5.79,5.85,10.89,GMAT3
475,2023-11-13,5.85,5.93,5.81,5.85,5.64,GMAT3
476,2023-10-11,5.91,6.04,5.85,5.85,7.77,GMAT3
477,2023-09-11,6.24,6.24,5.88,5.9,6.44,GMAT3
478,2023-08-11,6.19,6.26,6.02,6.07,5.11,GMAT3
479,2023-07-11,5.9,6.18,5.87,6.17,3.37,GMAT3
480,2023-06-11,6.15,6.17,5.94,5.95,4.03,GMAT3
481,2023-03-11,5.95,6.13,5.94,6.11,4.74,GMAT3
482,2023-01-11,5.73,5.89,5.57,5.8,10.01,GMAT3
483,2023-10-31,5.63,5.68,5.56,5.67,2.96,GMAT3
484,2023-10-30,5.71,5.75,5.58,5.64,3.85,GMAT3
485,2023-10-27,5.95,6.0,5.69,5.69,4.79,GMAT3
486,2023-10-26,5.87,6.0,5.86,5.96,5.05,GMAT3
487,2023-10-25,5.95,5.99,5.78,5.87,5.83,GMAT3
488,2023-10-24,6.11,6.18,5.85,5.95,9.58,GMAT3
489,2023-10-23,5.88,6.11,5.86,6.06,3.55,GMAT3
490,2023-10-20,5.95,5.99,5.83,5.93,5.17,GMAT3
491,2023-10-19,5.76,6.08,5.73,6.0,7.96,GMAT3
492,2023-10-18,5.92,5.92,5.73,5.77,5.66,GMAT3
493,2023-10-17,6.01,6.13,5.91,5.95,6.67,GMAT3
494,2023-10-16,6.09,6.11,5.97,6.04,6.36,GMAT3
495,2023-10-13,6.19,6.26,6.0,6.05,3.24,GMAT3
496,2023-11-10,6.38,6.44,6.17,6.2,6.91,GMAT3
497,2023-10-10,6.27,6.43,6.26,6.36,4.11,GMAT3
498,2023-09-10,6.25,6.25,6.01,6.25,5.43,GMAT3
499,2023-06-10,6.31,6.33,6.11,6.26,7.45,GMAT3
500,2023-05-10,6.5,6.52,6.26,6.33,8.82,GMAT3
501,2023-04-10,6.48,6.61,6.44,6.53,5.53,GMAT3
502,2023-03-10,6.61,6.62,6.44,6.46,4.06,GMAT3
503,2023-02-10,6.69,6.69,6.55,6.58,2.52,GMAT3
504,2023-09-29,6.7,6.78,6.58,6.67,3.5,GMAT3
505,2023-09-28,6.41,6.64,6.41,6.62,7.02,GMAT3
506,2023-09-27,6.49,6.57,6.35,6.47,2.79,GMAT3
507,2023-09-26,6.58,6.62,6.43,6.48,4.73,GMAT3
508,2023-09-25,6.64,6.69,6.51,6.61,2.8,GMAT3
509,2023-09-22,6.63,6.78,6.57,6.69,4.88,GMAT3
510,2023-09-21,6.78,6.78,6.54,6.61,4.38,GMAT3
511,2023-09-20,6.9,6.92,6.73,6.82,6.22,GMAT3
512,2023-09-19,6.88,6.94,6.77,6.85,3.67,GMAT3
513,2023-09-18,7.23,7.23,6.87,6.87,3.97,GMAT3
514,2023-09-15,7.11,7.23,6.95,7.23,7.91,GMAT3
515,2023-09-14,7.29,7.29,6.99,7.12,3.41,GMAT3
516,2023-09-13,6.89,7.41,6.87,7.22,9.11,GMAT3
517,2023-12-09,6.67,6.99,6.62,6.9,5.6,GMAT3
518,2023-11-09,6.6,6.63,6.52,6.63,2.38,GMAT3
519,2023-09-09,6.79,6.79,6.79,6.79,,GMAT3
520,2023-08-09,6.68,6.76,6.53,6.58,3.12,GMAT3
521,2023-06-09,6.8,6.86,6.67,6.71,2.93,GMAT3
522,2023-05-09,6.82,6.9,6.72,6.82,5.44,GMAT3
523,2023-04-09,6.83,6.92,6.82,6.84,2.62,GMAT3
524,2023-02-09,7.02,7.02,7.02,7.02,,GMAT3
525,2023-01-09,6.56,6.88,6.53,6.81,22.17,GMAT3
526,2023-08-31,7.06,7.07,6.53,6.56,27.64,GMAT3
527,2023-08-30,7.11,7.22,7.02,7.05,4.22,GMAT3
528,2023-08-29,6.97,7.07,6.89,7.07,5.94,GMAT3
529,2023-08-28,7.08,7.1,6.85,6.97,17.75,GMAT3
530,2023-08-25,7.11,7.16,7.01,7.05,6.01,GMAT3
531,2023-08-24,7.26,7.26,7.14,7.14,4.14,GMAT3
532,2023-08-23,7.24,7.34,7.2,7.23,5.94,GMAT3
533,2023-08-22,7.09,7.24,7.07,7.23,3.89,GMAT3
534,2023-08-21,7.13,7.17,7.04,7.07,4.83,GMAT3
535,2023-08-18,7.08,7.17,6.94,7.17,7.13,GMAT3
536,2023-08-17,7.38,7.42,7.12,7.12,6.14,GMAT3
537,2023-08-16,7.22,7.46,7.19,7.36,5.99,GMAT3
538,2023-08-15,7.12,7.28,7.01,7.25,6.28,GMAT3
539,2023-08-14,7.61,7.61,7.09,7.11,9.54,GMAT3
540,2023-11-08,7.73,7.77,7.49,7.59,7.65,GMAT3
541,2023-10-08,7.84,7.97,7.68,7.73,5.45,GMAT3
542,2023-09-08,7.8,7.86,7.66,7.77,2.98,GMAT3
543,2023-08-08,7.63,7.86,7.54,7.86,3.96,GMAT3
544,2023-07-08,7.65,7.71,7.56,7.71,2.22,GMAT3
545,2023-04-08,7.66,7.8,7.62,7.69,3.51,GMAT3
546,2023-03-08,7.72,7.82,7.62,7.66,3.72,GMAT3
547,2023-02-08,7.64,7.84,7.58,7.68,6.93,GMAT3
548,2023-01-08,7.54,7.62,7.28,7.61,13.39,GMAT3
549,2023-07-31,7.96,7.99,7.72,7.72,7.72,GMAT3
550,2023-07-28,7.92,7.92,7.77,7.87,7.15,GMAT3
551,2023-07-27,7.96,8.11,7.82,7.85,5.29,GMAT3
552,2023-07-26,7.98,8.03,7.87,7.93,2.09,GMAT3
553,2023-07-25,8.0,8.18,7.91,8.01,4.2,GMAT3
554,2023-07-24,7.86,8.01,7.82,7.94,2.88,GMAT3
555,2023-07-21,7.68,7.92,7.63,7.86,2.13,GMAT3
556,2023-07-20,7.56,7.75,7.53,7.68,3.06,GMAT3
557,2023-07-19,7.63,7.67,7.54,7.56,2.36,GMAT3
558,2023-07-18,7.52,7.68,7.51,7.62,4.27,GMAT3
559,2023-07-17,7.38,7.53,7.29,7.51,2.48,GMAT3
560,2023-07-14,7.5,7.52,7.31,7.38,3.0,GMAT3
561,2023-07-13,7.6,7.61,7.43,7.55,3.84,GMAT3
562,2023-12-07,7.75,7.82,7.55,7.6,3.45,GMAT3
563,2023-11-07,7.75,7.75,7.48,7.67,3.46,GMAT3
564,2023-10-07,7.77,7.84,7.67,7.78,3.36,GMAT3
565,2023-07-07,7.81,8.02,7.76,7.82,4.98,GMAT3
566,2023-06-07,7.83,7.93,7.77,7.8,5.11,GMAT3
567,2023-05-07,7.72,8.02,7.7,7.86,5.34,GMAT3
568,2023-04-07,7.71,7.8,7.63,7.72,3.3,GMAT3
569,2023-03-07,7.73,7.91,7.72,7.74,3.67,GMAT3
570,2023-06-30,7.64,7.82,7.62,7.72,5.88,GMAT3
571,2023-06-29,7.34,7.6,7.3,7.54,5.72,GMAT3
572,2023-06-28,7.42,7.48,7.26,7.33,3.37,GMAT3
573,2023-06-27,7.8,7.92,7.35,7.42,7.75,GMAT3
574,2023-06-26,7.95,7.98,7.71,7.79,4.28,GMAT3
575,2023-06-23,7.88,8.05,7.86,7.96,5.5,GMAT3
576,2023-06-22,8.0,8.0,7.75,7.86,6.88,GMAT3
577,2023-06-21,7.85,8.09,7.83,8.07,5.82,GMAT3
578,2023-06-20,7.69,7.95,7.65,7.87,5.1,GMAT3
579,2023-06-19,7.59,7.78,7.52,7.72,3.18,GMAT3
580,2023-06-16,7.8,7.86,7.51,7.59,10.39,GMAT3
581,2023-06-15,7.55,7.84,7.48,7.8,5.74,GMAT3
582,2023-06-14,7.57,7.66,7.53,7.55,5.24,GMAT3
583,2023-06-13,7.6,7.67,7.42,7.53,8.45,GMAT3
584,2023-12-06,7.85,7.89,7.54,7.55,7.08,GMAT3
585,2023-09-06,7.46,7.85,7.46,7.82,7.51,GMAT3
586,2023-07-06,7.49,7.7,7.41,7.41,10.45,GMAT3
587,2023-06-06,7.26,7.63,7.26,7.49,10.22,GMAT3
588,2023-05-06,7.21,7.33,7.1,7.26,7.11,GMAT3
589,2023-02-06,7.4,7.56,7.16,7.17,7.63,GMAT3
590,2023-01-06,7.15,7.5,7.14,7.31,17.31,GMAT3
591,2023-05-31,6.9,7.14,6.9,7.11,6.85,GMAT3
592,2023-05-30,6.92,7.03,6.85,6.97,5.43,GMAT3
593,2023-05-29,6.91,6.99,6.86,6.92,3.68,GMAT3
594,2023-05-26,6.81,7.06,6.75,6.88,6.87,GMAT3
595,2023-05-25,6.47,6.82,6.44,6.76,9.69,GMAT3
596,2023-05-24,6.34,6.46,6.28,6.41,3.34,GMAT3
597,2023-05-23,6.4,6.57,6.33,6.34,5.17,GMAT3
598,2023-05-22,6.59,6.67,6.46,6.49,4.57,GMAT3
599,2023-05-19,6.59,6.74,6.4,6.6,9.35,GMAT3
600,2023-05-18,6.24,6.55,6.17,6.53,7.39,GMAT3
601,2023-05-17,6.16,6.28,6.08,6.24,13.01,GMAT3
602,2023-05-16,6.3,6.33,6.05,6.13,6.55,GMAT3
603,2023-05-15,6.42,6.42,6.25,6.29,6.07,GMAT3
604,2023-12-05,6.5,6.65,6.35,6.44,14.58,GMAT3
605,2023-11-05,6.13,6.66,5.92,6.55,13.55,GMAT3
606,2023-10-05,5.55,5.88,5.55,5.83,7.65,GMAT3
607,2023-09-05,5.45,5.67,5.44,5.53,6.94,GMAT3
608,2023-08-05,5.35,5.6,5.34,5.5,6.65,GMAT3
609,2023-06-05,5.49,5.49,5.49,5.49,,GMAT3
610,2023-05-05,5.11,5.34,5.05,5.31,11.24,GMAT3
611,2023-04-05,5.11,5.22,5.02,5.09,7.54,GMAT3
612,2023-03-05,5.18,5.2,5.01,5.09,7.62,GMAT3
613,2023-02-05,5.37,5.37,5.08,5.15,4.42,GMAT3
614,2023-04-28,5.26,5.38,5.15,5.37,4.17,GMAT3
615,2023-04-27,5.23,5.24,5.01,5.23,6.64,GMAT3
616,2023-04-26,5.09,5.3,5.07,5.22,5.12,GMAT3
617,2023-04-25,5.18,5.24,5.05,5.12,4.22,GMAT3
618,2023-04-24,5.17,5.21,5.12,5.19,2.36,GMAT3
619,2023-04-20,5.12,5.21,5.04,5.16,3.51,GMAT3
620,2023-04-19,5.2,5.2,5.02,5.1,9.99,GMAT3
621,2023-04-18,5.45,5.45,5.21,5.24,2.96,GMAT3
622,2023-04-17,5.39,5.48,5.31,5.39,3.61,GMAT3
623,2023-04-14,5.53,5.55,5.37,5.39,5.0,GMAT3
624,2023-04-13,5.75,5.76,5.55,5.55,5.58,GMAT3
625,2023-12-04,5.78,5.92,5.73,5.75,6.38,GMAT3
626,2023-11-04,5.28,5.78,5.28,5.75,8.22,GMAT3
627,2023-10-04,5.23,5.35,5.18,5.25,4.49,GMAT3
628,2023-06-04,5.24,5.36,5.12,5.23,8.8,GMAT3
629,2023-05-04,5.66,5.66,5.21,5.28,11.12,GMAT3
630,2023-04-04,5.47,5.75,5.47,5.62,10.98,GMAT3
631,2023-03-04,5.55,5.57,5.16,5.44,15.7,GMAT3
632,2023-03-31,5.8,5.82,5.44,5.57,27.74,GMAT3
633,2023-03-30,5.74,5.86,5.68,5.78,6.23,GMAT3
634,2023-03-29,5.57,5.73,5.52,5.65,7.12,GMAT3
635,2023-03-28,5.44,5.68,5.33,5.59,5.23,GMAT3
636,2023-03-27,5.26,5.5,5.26,5.43,12.62,GMAT3
637,2023-03-24,5.13,5.31,4.99,5.24,15.22,GMAT3
638,2023-03-23,5.31,5.36,5.02,5.11,9.11,GMAT3
639,2023-03-22,5.38,5.45,5.27,5.31,6.67,GMAT3
640,2023-03-21,5.61,5.65,5.39,5.42,5.65,GMAT3
641,2023-03-20,5.69,5.76,5.55,5.62,4.51,GMAT3
642,2023-03-17,5.71,5.84,5.57,5.76,7.76,GMAT3
643,2023-03-16,5.67,5.75,5.56,5.71,12.79,GMAT3
644,2023-03-15,5.67,5.82,5.55,5.68,6.22,GMAT3
645,2023-03-14,5.69,6.02,5.69,5.77,4.72,GMAT3
646,2023-03-13,5.57,5.82,5.47,5.7,8.55,GMAT3
647,2023-10-03,5.57,5.7,5.49,5.6,16.34,GMAT3
648,2023-09-03,5.37,5.7,5.31,5.56,21.18,GMAT3
649,2023-08-03,4.98,5.26,4.98,5.23,10.13,GMAT3
650,2023-07-03,5.11,5.11,4.89,4.98,11.21,GMAT3
651,2023-06-03,5.12,5.14,5.01,5.05,6.39,GMAT3
652,2023-03-03,5.15,5.29,5.09,5.12,5.79,GMAT3
653,2023-02-03,5.34,5.4,5.14,5.16,5.14,GMAT3
654,2023-01-03,5.49,5.53,5.26,5.33,4.97,GMAT3
655,2023-02-28,5.61,5.71,5.35,5.5,15.65,GMAT3
656,2023-02-27,5.81,5.88,5.57,5.63,5.6,GMAT3
657,2023-02-24,5.84,5.96,5.77,5.83,2.81,GMAT3
658,2023-02-23,6.04,6.07,5.88,5.89,2.55,GMAT3
659,2023-02-22,6.15,6.19,6.01,6.04,2.77,GMAT3
660,2023-02-17,6.25,6.3,5.99,6.22,4.46,GMAT3
661,2023-02-16,6.04,6.21,5.95,6.16,3.77,GMAT3
662,2023-02-15,5.95,6.18,5.93,6.05,3.77,GMAT3
663,2023-02-14,6.05,6.14,5.86,5.95,4.01,GMAT3
664,2023-02-13,6.2,6.2,5.83,6.01,6.63,GMAT3
665,2023-10-02,5.95,6.24,5.92,6.2,3.97,GMAT3
666,2023-09-02,6.1,6.13,5.92,5.97,3.94,GMAT3
667,2023-08-02,6.13,6.23,6.07,6.1,4.16,GMAT3
668,2023-07-02,6.2,6.32,6.03,6.09,7.42,GMAT3
669,2023-06-02,6.27,6.3,6.16,6.21,3.31,GMAT3
670,2023-03-02,6.38,6.47,6.22,6.27,3.89,GMAT3
671,2023-02-02,6.42,6.57,6.34,6.39,7.7,GMAT3
672,2023-01-02,6.57,6.64,6.3,6.47,7.66,GMAT3
673,2023-01-31,6.74,6.82,6.54,6.67,8.17,GMAT3
674,2023-01-30,6.77,6.93,6.7,6.74,6.21,GMAT3
675,2023-01-27,6.62,6.77,6.56,6.74,5.68,GMAT3
676,2023-01-26,6.92,6.95,6.6,6.61,4.58,GMAT3
677,2023-01-25,6.74,6.97,6.55,6.91,8.33,GMAT3
678,2023-01-24,6.59,6.8,6.57,6.76,6.11,GMAT3
679,2023-01-23,6.51,6.63,6.46,6.59,9.64,GMAT3
680,2023-01-20,6.53,6.55,6.39,6.52,14.61,GMAT3
681,2023-01-19,6.46,6.58,6.42,6.53,4.67,GMAT3
682,2023-01-18,6.53,6.59,6.35,6.53,9.79,GMAT3
683,2023-01-17,6.38,6.49,6.28,6.46,5.68,GMAT3
684,2023-01-16,6.2,6.37,6.15,6.35,6.12,GMAT3
685,2023-01-13,5.95,6.27,5.89,6.24,5.64,GMAT3
686,2023-12-01,6.17,6.21,5.82,6.0,6.48,GMAT3
687,2023-11-01,6.13,6.25,6.09,6.21,6.02,GMAT3
688,2023-10-01,6.01,6.26,5.93,6.13,5.01,GMAT3
689,2023-09-01,5.99,6.17,5.95,6.04,3.39,GMAT3
690,2023-06-01,6.05,6.27,5.97,6.11,5.66,GMAT3
691,2023-05-01,5.83,6.11,5.83,6.04,7.64,GMAT3
692,2023-04-01,5.58,5.88,5.51,5.8,6.75,GMAT3
693,2023-03-01,5.91,5.92,5.53,5.57,6.93,GMAT3
694,2023-02-01,6.13,6.14,5.81,5.92,3.63,GMAT3
695,2022-12-29,6.09,6.19,6.0,6.16,6.04,GMAT3
696,2022-12-28,5.9,6.09,5.82,6.07,4.31,GMAT3
697,2022-12-27,6.06,6.08,5.81,5.86,3.91,GMAT3
698,2022-12-26,6.13,6.17,6.03,6.04,1.77,GMAT3
699,2022-12-23,5.93,6.16,5.9,6.13,7.91,GMAT3
700,2022-12-22,6.0,6.03,5.83,5.9,2.8,GMAT3
701,2022-12-21,5.95,6.01,5.73,5.97,5.22,GMAT3
702,2022-12-20,5.42,6.05,5.38,5.95,12.43,GMAT3
703,2022-12-19,5.11,5.46,5.08,5.4,7.85,GMAT3
704,2022-12-16,5.24,5.3,5.02,5.08,23.73,GMAT3
705,2022-12-15,5.11,5.45,5.08,5.26,9.66,GMAT3
706,2022-12-14,4.93,5.18,4.88,5.15,7.38,GMAT3
707,2022-12-13,5.17,5.2,4.93,4.95,5.34,GMAT3
708,2022-12-12,5.25,5.32,5.07,5.16,5.02,GMAT3
709,2022-09-12,5.31,5.4,5.23,5.27,4.13,GMAT3
710,2022-08-12,5.52,5.52,5.26,5.31,6.23,GMAT3
711,2022-07-12,5.47,5.7,5.42,5.56,4.36,GMAT3
712,2022-06-12,5.74,5.76,5.46,5.53,6.03,GMAT3
713,2022-05-12,5.94,5.96,5.66,5.72,3.74,GMAT3
714,2022-02-12,5.85,6.02,5.72,5.97,5.58,GMAT3
715,2022-01-12,5.97,6.08,5.75,5.85,7.16,GMAT3
716,2022-11-30,5.9,5.97,5.76,5.92,3.91,GMAT3
717,2022-11-29,5.95,6.03,5.8,5.9,3.1,GMAT3
718,2022-11-28,5.86,6.06,5.82,5.93,4.57,GMAT3
719,2022-11-25,6.08,6.11,5.8,5.88,3.48,GMAT3
720,2022-11-24,5.87,6.17,5.87,6.1,3.36,GMAT3
721,2022-11-23,5.93,5.95,5.73,5.84,4.16,GMAT3
722,2022-11-22,6.2,6.21,5.89,5.95,3.89,GMAT3
723,2022-11-21,6.09,6.23,5.97,6.17,5.21,GMAT3
724,2022-11-18,6.08,6.2,5.96,6.03,6.24,GMAT3
725,2022-11-17,5.88,6.03,5.57,6.01,8.73,GMAT3
726,2022-11-16,6.2,6.25,5.86,5.99,7.73,GMAT3
727,2022-11-14,6.09,6.31,6.03,6.22,5.1,GMAT3
728,2022-11-11,6.4,6.47,6.02,6.22,11.8,GMAT3
729,2022-10-11,6.92,6.92,6.14,6.29,12.25,GMAT3
730,2022-09-11,7.01,7.08,6.86,6.95,8.01,GMAT3
731,2022-08-11,7.07,7.2,6.94,7.04,16.6,GMAT3
732,2022-07-11,7.5,7.5,7.11,7.22,8.06,GMAT3
733,2022-04-11,7.52,7.65,7.39,7.5,11.24,GMAT3
734,2022-03-11,7.09,7.51,7.09,7.49,7.98,GMAT3
735,2022-01-11,7.12,7.26,7.04,7.2,8.38,GMAT3
736,2022-10-31,6.53,7.14,6.53,7.11,14.78,GMAT3
737,2022-10-28,6.13,6.67,6.13,6.66,10.05,GMAT3
738,2022-10-27,6.01,6.34,5.99,6.3,11.34,GMAT3
739,2022-10-26,6.17,6.25,5.98,6.07,4.98,GMAT3
740,2022-10-25,6.34,6.5,6.2,6.23,10.69,GMAT3
741,2022-10-24,6.52,6.62,5.98,6.34,14.64,GMAT3
742,2022-10-21,6.09,6.51,6.06,6.48,8.13,GMAT3
743,2022-10-20,6.11,6.27,6.04,6.11,17.96,GMAT3
744,2022-10-19,6.15,6.16,5.97,6.09,7.87,GMAT3
745,2022-10-18,6.23,6.34,6.07,6.18,8.13,GMAT3
746,2022-10-17,6.16,6.34,5.97,6.16,11.42,GMAT3
747,2022-10-14,6.2,6.28,6.12,6.18,6.29,GMAT3
748,2022-10-13,6.16,6.32,6.05,6.15,5.87,GMAT3
749,2022-11-10,6.16,6.26,6.07,6.16,6.32,GMAT3
750,2022-10-10,6.24,6.39,6.17,6.19,6.06,GMAT3
751,2022-07-10,6.29,6.32,6.18,6.24,3.55,GMAT3
752,2022-06-10,6.34,6.42,6.29,6.32,3.99,GMAT3
753,2022-05-10,6.48,6.48,6.29,6.31,5.39,GMAT3
754,2022-04-10,6.6,6.74,6.39,6.46,7.02,GMAT3
755,2022-03-10,6.47,6.63,6.44,6.53,9.5,GMAT3
756,2022-09-30,6.42,6.59,6.3,6.47,6.58,GMAT3
757,2022-09-29,6.42,6.45,6.31,6.42,3.42,GMAT3
758,2022-09-28,6.37,6.55,6.29,6.5,3.72,GMAT3
759,2022-09-27,6.5,6.59,6.29,6.36,4.75,GMAT3
760,2022-09-26,6.71,6.71,6.38,6.44,4.64,GMAT3
761,2022-09-23,6.88,6.95,6.66,6.72,4.94,GMAT3
762,2022-09-22,6.72,7.07,6.7,6.97,12.64,GMAT3
763,2022-09-21,6.74,6.83,6.6,6.66,4.66,GMAT3
764,2022-09-20,6.72,6.84,6.66,6.71,4.66,GMAT3
765,2022-09-19,6.66,6.82,6.62,6.75,3.88,GMAT3
766,2022-09-16,6.62,6.72,6.38,6.72,10.14,GMAT3
767,2022-09-15,6.69,6.75,6.6,6.62,3.79,GMAT3
768,2022-09-14,6.58,6.89,6.51,6.7,6.92,GMAT3
769,2022-09-13,6.5,6.63,6.4,6.57,6.17,GMAT3
770,2022-12-09,6.49,6.63,6.46,6.58,5.45,GMAT3
771,2022-09-09,6.42,6.51,6.31,6.46,7.17,GMAT3
772,2022-08-09,6.39,6.47,6.22,6.38,4.37,GMAT3
773,2022-06-09,6.39,6.47,6.27,6.42,5.91,GMAT3
774,2022-05-09,6.55,6.55,6.33,6.43,4.12,GMAT3
775,2022-02-09,6.4,6.56,6.31,6.44,4.91,GMAT3
776,2022-01-09,6.32,6.4,6.24,6.38,5.05,GMAT3
777,2022-08-31,6.11,6.33,6.08,6.33,7.97,GMAT3
778,2022-08-30,6.23,6.31,5.99,6.11,2.39,GMAT3
779,2022-08-29,6.1,6.28,6.06,6.2,4.46,GMAT3
780,2022-08-26,6.17,6.23,5.99,6.11,3.46,GMAT3
781,2022-08-25,6.09,6.22,6.06,6.17,8.97,GMAT3
782,2022-08-24,5.98,6.18,5.98,6.07,6.72,GMAT3
783,2022-08-23,5.91,6.01,5.85,6.0,5.85,GMAT3
784,2022-08-22,5.97,6.01,5.8,5.86,8.05,GMAT3
785,2022-08-19,6.01,6.28,5.93,6.04,13.0,GMAT3
786,2022-08-18,5.78,6.12,5.72,6.08,12.85,GMAT3
787,2022-08-17,5.39,5.67,5.37,5.66,11.89,GMAT3
788,2022-08-16,5.41,5.46,5.31,5.42,5.32,GMAT3
789,2022-08-15,5.28,5.48,5.26,5.42,13.27,GMAT3
790,2022-12-08,5.17,5.53,5.13,5.33,24.59,GMAT3
791,2022-11-08,4.86,4.95,4.55,4.67,4.48,GMAT3
792,2022-10-08,4.69,4.94,4.64,4.85,5.58,GMAT3
793,2022-09-08,4.8,4.85,4.54,4.61,4.48,GMAT3
794,2022-08-08,4.68,4.88,4.63,4.8,4.34,GMAT3
795,2022-05-08,4.73,4.77,4.6,4.66,3.28,GMAT3
796,2022-04-08,4.49,4.76,4.45,4.75,5.81,GMAT3
797,2022-03-08,4.37,4.48,4.32,4.44,4.11,GMAT3
798,2022-02-08,4.44,4.44,4.31,4.35,2.9,GMAT3
799,2022-01-08,4.23,4.43,4.2,4.36,7.22,GMAT3
800,2022-07-29,4.38,4.39,4.21,4.23,5.37,GMAT3
801,2022-07-28,4.24,4.39,4.16,4.38,6.21,GMAT3
802,2022-07-27,3.94,4.28,3.82,4.26,13.45,GMAT3
803,2022-07-26,4.24,4.24,4.01,4.01,4.57,GMAT3
804,2022-07-25,4.16,4.28,4.13,4.22,5.74,GMAT3
805,2022-07-22,4.14,4.21,4.08,4.17,4.7,GMAT3
806,2022-07-21,4.14,4.19,4.11,4.14,5.55,GMAT3
807,2022-07-20,4.07,4.24,4.05,4.16,6.23,GMAT3
808,2022-07-19,4.08,4.12,4.01,4.08,3.55,GMAT3
809,2022-07-18,4.28,4.31,4.06,4.07,6.13,GMAT3
810,2022-07-15,4.05,4.34,4.0,4.29,33.22,GMAT3
811,2022-07-14,3.91,4.08,3.89,4.03,5.45,GMAT3
812,2022-07-13,3.74,4.0,3.71,3.96,8.98,GMAT3
813,2022-12-07,3.71,3.8,3.63,3.77,7.41,GMAT3
814,2022-11-07,3.68,3.75,3.58,3.7,5.9,GMAT3
815,2022-08-07,3.59,3.72,3.58,3.72,5.58,GMAT3
816,2022-07-07,3.55,3.63,3.53,3.58,4.81,GMAT3
817,2022-06-07,3.4,3.54,3.35,3.52,5.85,GMAT3
818,2022-05-07,3.35,3.42,3.32,3.42,3.83,GMAT3
819,2022-04-07,3.34,3.41,3.33,3.37,2.5,GMAT3
820,2022-01-07,3.31,3.39,3.3,3.35,3.37,GMAT3
821,2022-06-30,3.23,3.35,3.17,3.33,7.65,GMAT3
822,2022-06-29,3.41,3.41,3.26,3.27,2.92,GMAT3
823,2022-06-28,3.32,3.43,3.32,3.38,5.34,GMAT3
824,2022-06-27,3.3,3.37,3.21,3.3,7.08,GMAT3
825,2022-06-24,3.3,3.34,3.22,3.3,5.31,GMAT3
826,2022-06-23,3.27,3.34,3.23,3.27,6.15,GMAT3
827,2022-06-22,3.33,3.38,3.23,3.24,7.1,GMAT3
828,2022-06-21,3.47,3.49,3.35,3.35,4.45,GMAT3
829,2022-06-20,3.55,3.6,3.45,3.45,2.38,GMAT3
830,2022-06-17,3.61,3.64,3.44,3.55,11.31,GMAT3
831,2022-06-15,3.65,3.8,3.6,3.68,7.62,GMAT3
832,2022-06-14,3.69,3.7,3.53,3.59,6.68,GMAT3
833,2022-06-13,3.95,3.97,3.67,3.67,6.08,GMAT3
834,2022-10-06,4.13,4.13,4.0,4.01,3.86,GMAT3
835,2022-09-06,4.07,4.14,4.03,4.13,3.85,GMAT3
836,2022-08-06,4.13,4.15,4.07,4.09,4.3,GMAT3
837,2022-07-06,4.19,4.19,4.1,4.15,2.5,GMAT3
838,2022-06-06,4.36,4.38,4.19,4.19,3.59,GMAT3
839,2022-03-06,4.48,4.5,4.29,4.34,4.62,GMAT3
840,2022-02-06,4.6,4.62,4.44,4.49,7.69,GMAT3
841,2022-01-06,4.57,4.69,4.5,4.56,5.57,GMAT3
842,2022-05-31,4.69,4.73,4.56,4.56,7.45,GMAT3
843,2022-05-30,4.66,4.76,4.66,4.68,2.64,GMAT3
844,2022-05-27,4.59,4.69,4.57,4.66,2.76,GMAT3
845,2022-05-26,4.6,4.78,4.57,4.64,7.04,GMAT3
846,2022-05-25,4.52,4.64,4.5,4.61,3.6,GMAT3
847,2022-05-24,4.56,4.58,4.45,4.56,2.23,GMAT3
848,2022-05-23,4.54,4.6,4.46,4.56,3.64,GMAT3
849,2022-05-20,4.45,4.53,4.38,4.51,4.15,GMAT3
850,2022-05-19,4.26,4.49,4.19,4.46,6.56,GMAT3
851,2022-05-18,4.58,4.58,4.28,4.28,5.44,GMAT3
852,2022-05-17,4.7,4.83,4.53,4.58,5.11,GMAT3
853,2022-05-16,4.7,4.7,4.55,4.66,8.36,GMAT3
854,2022-05-13,4.7,4.73,4.59,4.7,6.67,GMAT3
855,2022-12-05,4.55,4.75,4.55,4.62,4.47,GMAT3
856,2022-11-05,4.59,4.73,4.56,4.65,4.42,GMAT3
857,2022-10-05,4.45,4.77,4.43,4.65,13.61,GMAT3
858,2022-09-05,4.44,4.44,4.18,4.33,7.62,GMAT3
859,2022-06-05,4.52,4.52,4.36,4.49,6.16,GMAT3
860,2022-05-05,4.55,4.59,4.44,4.51,3.64,GMAT3
861,2022-04-05,4.6,4.7,4.43,4.62,4.84,GMAT3
862,2022-03-05,4.58,4.68,4.51,4.62,4.61,GMAT3
863,2022-02-05,4.75,4.79,4.53,4.59,4.41,GMAT3
864,2022-04-29,4.77,4.91,4.68,4.73,14.25,GMAT3
865,2022-04-28,4.62,4.76,4.56,4.7,5.59,GMAT3
866,2022-04-27,4.79,4.8,4.59,4.61,3.95,GMAT3
867,2022-04-26,4.78,4.87,4.67,4.72,3.33,GMAT3
868,2022-04-25,4.64,4.84,4.6,4.82,2.91,GMAT3
869,2022-04-22,4.75,4.78,4.64,4.7,2.34,GMAT3
870,2022-04-20,4.83,4.98,4.81,4.83,2.1,GMAT3
871,2022-04-19,4.8,4.87,4.73,4.85,1.5,GMAT3
872,2022-04-18,4.81,4.87,4.74,4.82,2.22,GMAT3
873,2022-04-14,4.92,4.94,4.79,4.8,5.56,GMAT3
874,2022-04-13,4.99,5.04,4.91,4.92,2.72,GMAT3
875,2022-12-04,5.08,5.15,4.92,4.95,2.57,GMAT3
876,2022-11-04,5.08,5.1,4.97,5.04,3.81,GMAT3
877,2022-08-04,5.2,5.22,5.07,5.11,1.62,GMAT3
878,2022-07-04,5.19,5.25,5.12,5.22,3.12,GMAT3
879,2022-06-04,5.44,5.44,5.17,5.2,4.88,GMAT3
880,2022-05-04,5.5,5.62,5.39,5.44,3.34,GMAT3
881,2022-04-04,5.6,5.64,5.46,5.51,2.81,GMAT3
882,2022-01-04,5.4,5.59,5.36,5.58,4.53,GMAT3
883,2022-03-31,5.39,5.51,5.33,5.34,7.34,GMAT3
884,2022-03-30,5.53,5.53,5.37,5.41,3.74,GMAT3
885,2022-03-29,5.34,5.55,5.31,5.5,6.32,GMAT3
886,2022-03-28,5.25,5.33,5.17,5.26,4.31,GMAT3
887,2022-03-25,5.13,5.27,5.02,5.21,5.94,GMAT3
888,2022-03-24,5.06,5.14,5.03,5.11,3.58,GMAT3
889,2022-03-23,4.93,5.1,4.83,5.0,6.85,GMAT3
890,2022-03-22,4.84,5.0,4.79,4.95,15.88,GMAT3
891,2022-03-21,4.9,4.9,4.69,4.83,4.73,GMAT3
892,2022-03-18,4.49,4.91,4.48,4.89,10.48,GMAT3
893,2022-03-17,4.43,4.53,4.31,4.52,7.58,GMAT3
894,2022-03-16,4.34,4.61,4.23,4.44,25.15,GMAT3
895,2022-03-15,4.4,4.4,4.17,4.28,11.76,GMAT3
896,2022-03-14,4.75,4.75,4.34,4.42,10.14,GMAT3
897,2022-11-03,5.44,5.44,4.56,4.66,26.41,GMAT3
898,2022-10-03,5.46,5.5,5.31,5.4,4.71,GMAT3
899,2022-09-03,5.3,5.47,5.23,5.43,4.33,GMAT3
900,2022-08-03,5.38,5.38,5.09,5.24,6.34,GMAT3
901,2022-07-03,5.65,5.71,5.26,5.31,6.18,GMAT3
902,2022-04-03,5.83,5.91,5.62,5.71,5.9,GMAT3
903,2022-03-03,5.85,5.94,5.81,5.88,5.96,GMAT3
904,2022-02-03,5.88,5.95,5.81,5.85,2.91,GMAT3
905,2022-02-25,5.82,5.96,5.69,5.96,10.04,GMAT3
906,2022-02-24,5.65,5.9,5.5,5.87,5.27,GMAT3
907,2022-02-23,5.76,5.98,5.76,5.9,4.54,GMAT3
908,2022-02-22,5.78,5.94,5.71,5.76,4.01,GMAT3
909,2022-02-21,5.89,5.89,5.71,5.73,1.32,GMAT3
910,2022-02-18,5.98,5.98,5.8,5.87,2.48,GMAT3
911,2022-02-17,5.94,5.99,5.84,5.92,2.79,GMAT3
912,2022-02-16,5.86,6.03,5.82,5.95,3.84,GMAT3
913,2022-02-15,5.77,5.87,5.73,5.85,2.64,GMAT3
914,2022-02-14,5.63,5.8,5.62,5.76,2.21,GMAT3
915,2022-11-02,5.81,5.81,5.59,5.63,5.51,GMAT3
916,2022-10-02,5.7,5.78,5.65,5.78,2.81,GMAT3
917,2022-09-02,5.66,5.78,5.64,5.67,2.62,GMAT3
918,2022-08-02,5.63,5.71,5.56,5.65,3.03,GMAT3
919,2022-07-02,5.71,5.78,5.6,5.64,3.2,GMAT3
920,2022-04-02,5.62,5.71,5.51,5.7,5.33,GMAT3
921,2022-03-02,5.93,5.99,5.6,5.64,13.84,GMAT3
922,2022-02-02,6.03,6.09,5.87,5.92,3.73,GMAT3
923,2022-01-02,6.09,6.16,6.01,6.03,2.12,GMAT3
924,2022-01-31,6.23,6.26,6.04,6.11,10.38,GMAT3
925,2022-01-28,6.14,6.25,6.09,6.24,2.94,GMAT3
926,2022-01-27,6.05,6.19,6.01,6.16,3.48,GMAT3
927,2022-01-26,5.96,6.14,5.9,5.99,5.79,GMAT3
928,2022-01-25,5.88,5.95,5.79,5.95,3.45,GMAT3
929,2022-01-24,5.89,6.0,5.72,5.94,4.51,GMAT3
930,2022-01-21,5.84,6.01,5.79,5.91,2.68,GMAT3
931,2022-01-20,5.65,5.9,5.6,5.87,4.32,GMAT3
932,2022-01-19,5.58,5.73,5.58,5.65,3.17,GMAT3
933,2022-01-18,5.62,5.64,5.51,5.55,3.83,GMAT3
934,2022-01-17,5.71,5.74,5.59,5.62,2.6,GMAT3
935,2022-01-14,5.85,5.88,5.7,5.76,2.73,GMAT3
936,2022-01-13,5.78,5.85,5.7,5.85,3.29,GMAT3
937,2022-12-01,5.66,5.79,5.6,5.78,2.34,GMAT3
938,2022-11-01,5.52,5.66,5.46,5.63,2.99,GMAT3
939,2022-10-01,5.7,5.7,5.46,5.52,4.02,GMAT3
940,2022-07-01,5.65,5.83,5.58,5.7,4.31,GMAT3
941,2022-06-01,5.72,5.83,5.58,5.69,3.2,GMAT3
942,2022-05-01,5.82,5.87,5.67,5.67,2.52,GMAT3
943,2022-04-01,5.85,5.88,5.74,5.82,4.24,GMAT3
944,2022-03-01,6.08,6.08,5.76,5.81,3.09,GMAT3
945,2021-12-30,5.97,6.12,5.94,6.03,3.69,GMAT3
946,2021-12-29,6.05,6.07,5.92,5.97,2.0,GMAT3
947,2021-12-28,6.12,6.13,6.04,6.06,1.94,GMAT3
948,2021-12-27,5.98,6.1,5.94,6.1,2.75,GMAT3
949,2021-12-23,6.03,6.07,5.93,5.97,1.62,GMAT3
950,2021-12-22,5.98,6.05,5.9,6.03,5.42,GMAT3
951,2021-12-21,6.15,6.18,5.94,6.05,2.67,GMAT3
952,2021-12-20,6.18,6.26,6.01,6.13,6.9,GMAT3
953,2021-12-17,6.01,6.36,5.97,6.35,12.38,GMAT3
954,2021-12-16,6.13,6.19,6.04,6.09,4.01,GMAT3
955,2021-12-15,6.19,6.22,6.02,6.12,3.49,GMAT3
956,2021-12-14,6.15,6.22,6.02,6.18,3.36,GMAT3
957,2021-12-13,6.21,6.24,6.08,6.09,2.9,GMAT3
958,2021-10-12,6.13,6.22,6.05,6.16,3.3,GMAT3
959,2021-09-12,6.25,6.26,6.04,6.06,1.99,GMAT3
960,2021-08-12,6.29,6.41,6.22,6.3,4.59,GMAT3
961,2021-07-12,6.2,6.35,6.15,6.29,6.31,GMAT3
962,2021-06-12,5.95,6.2,5.9,6.1,8.76,GMAT3
963,2021-03-12,5.81,5.97,5.79,5.89,6.8,GMAT3
964,2021-02-12,5.72,5.8,5.58,5.75,6.84,GMAT3
965,2021-01-12,5.92,5.92,5.63,5.69,5.87,GMAT3
966,2021-11-30,5.99,5.99,5.75,5.86,6.26,GMAT3
967,2021-11-29,6.16,6.16,5.94,5.97,5.35,GMAT3
968,2021-11-26,6.1,6.18,6.01,6.06,3.61,GMAT3
969,2021-11-25,6.24,6.32,6.2,6.25,4.0,GMAT3
970,2021-11-24,6.31,6.39,6.19,6.24,6.42,GMAT3
971,2021-11-23,6.44,6.45,6.22,6.38,5.7,GMAT3
972,2021-11-22,6.64,6.64,6.41,6.41,4.04,GMAT3
973,2021-11-19,6.71,6.81,6.59,6.6,4.15,GMAT3
974,2021-11-18,6.7,6.83,6.63,6.67,3.65,GMAT3
975,2021-11-17,6.89,6.95,6.63,6.66,3.38,GMAT3
976,2021-11-16,7.25,7.25,6.83,6.85,3.37,GMAT3
977,2021-12-11,7.3,7.43,7.08,7.18,4.97,GMAT3
978,2021-11-11,7.3,7.39,7.22,7.36,1.9,GMAT3
979,2021-10-11,7.2,7.33,7.17,7.22,2.99,GMAT3
980,2021-09-11,7.23,7.23,7.1,7.21,4.58,GMAT3
981,2021-08-11,7.15,7.22,7.08,7.17,3.26,GMAT3
982,2021-05-11,7.19,7.26,7.06,7.19,5.41,GMAT3
983,2021-04-11,7.25,7.35,7.1,7.14,5.35,GMAT3
984,2021-03-11,7.15,7.36,7.08,7.25,4.83,GMAT3
985,2021-01-11,7.18,7.23,7.03,7.23,3.15,GMAT3
986,2021-10-29,7.26,7.36,7.11,7.13,4.53,GMAT3
987,2021-10-28,7.37,7.43,7.22,7.27,7.39,GMAT3
988,2021-10-27,7.55,7.68,7.38,7.45,7.51,GMAT3
989,2021-10-26,7.64,7.7,7.47,7.52,3.45,GMAT3
990,2021-10-25,7.72,7.8,7.6,7.7,7.0,GMAT3
991,2021-10-22,7.87,7.89,7.46,7.67,7.05,GMAT3
992,2021-10-21,8.01,8.09,7.78,7.95,6.7,GMAT3
993,2021-10-20,8.05,8.18,7.98,8.14,6.89,GMAT3
994,2021-10-19,8.15,8.2,7.94,7.98,6.8,GMAT3
995,2021-10-18,8.28,8.28,8.07,8.15,6.34,GMAT3
996,2021-10-15,8.0,8.35,7.95,8.28,9.5,GMAT3
997,2021-10-14,8.09,8.09,7.91,7.99,3.39,GMAT3
998,2021-10-13,7.82,8.14,7.81,7.99,5.06,GMAT3
999,2021-11-10,7.96,8.03,7.79,7.83,4.12,GMAT3
1000,2021-08-10,7.9,8.05,7.87,7.97,6.44,GMAT3
1001,2021-07-10,7.81,7.95,7.72,7.85,5.04,GMAT3
1002,2021-06-10,7.59,7.84,7.5,7.79,7.45,GMAT3
1003,2021-05-10,7.47,7.81,7.41,7.69,10.53,GMAT3
1004,2021-04-10,7.62,7.62,7.38,7.44,4.01,GMAT3
1005,2021-01-10,7.54,7.66,7.52,7.64,6.39,GMAT3
1006,2021-09-30,7.35,7.72,7.34,7.62,13.36,GMAT3
1007,2021-09-29,7.01,7.38,6.92,7.3,16.54,GMAT3
1008,2021-09-28,7.06,7.06,6.84,6.85,5.01,GMAT3
1009,2021-09-27,7.17,7.17,7.0,7.09,3.81,GMAT3
1010,2021-09-24,7.19,7.24,7.06,7.17,3.17,GMAT3
1011,2021-09-23,7.08,7.25,7.06,7.24,6.08,GMAT3
1012,2021-09-22,7.06,7.12,6.91,7.08,5.73,GMAT3
1013,2021-09-21,6.65,7.04,6.65,7.04,14.46,GMAT3
1014,2021-09-20,6.6,6.69,6.5,6.62,7.51,GMAT3
1015,2021-09-17,6.63,6.71,6.51,6.71,8.2,GMAT3
1016,2021-09-16,6.78,6.8,6.62,6.66,3.95,GMAT3
1017,2021-09-15,6.72,6.78,6.61,6.78,2.82,GMAT3
1018,2021-09-14,6.9,6.93,6.68,6.71,4.51,GMAT3
1019,2021-09-13,6.89,6.92,6.76,6.85,3.76,GMAT3
1020,2021-10-09,6.81,6.96,6.7,6.8,3.98,GMAT3
1021,2021-09-09,6.67,6.79,6.56,6.74,4.78,GMAT3
1022,2021-08-09,6.82,6.85,6.64,6.67,3.76,GMAT3
1023,2021-06-09,6.97,7.03,6.86,6.86,4.08,GMAT3
1024,2021-03-09,7.04,7.05,6.91,6.98,1.81,GMAT3
1025,2021-02-09,7.08,7.13,6.98,7.01,6.02,GMAT3
1026,2021-01-09,7.19,7.21,7.08,7.08,3.84,GMAT3
1027,2021-08-31,7.46,7.49,7.13,7.13,6.4,GMAT3
1028,2021-08-30,7.46,7.52,7.37,7.45,1.84,GMAT3
1029,2021-08-27,7.52,7.55,7.43,7.48,2.44,GMAT3
1030,2021-08-26,7.69,7.69,7.52,7.52,2.77,GMAT3
1031,2021-08-25,7.68,7.71,7.6,7.67,5.33,GMAT3
1032,2021-08-24,7.71,7.75,7.59,7.68,2.74,GMAT3
1033,2021-08-23,7.6,7.77,7.53,7.61,4.31,GMAT3
1034,2021-08-20,7.34,7.67,7.33,7.61,20.21,GMAT3
1035,2021-08-19,6.93,7.44,6.92,7.44,5.14,GMAT3
1036,2021-08-18,7.06,7.07,6.9,7.0,5.43,GMAT3
1037,2021-08-17,6.95,7.07,6.83,7.03,8.5,GMAT3
1038,2021-08-16,7.15,7.17,6.95,6.98,5.82,GMAT3
1039,2021-08-13,7.39,7.41,7.09,7.15,4.83,GMAT3
1040,2021-12-08,7.36,7.42,7.29,7.37,1.85,GMAT3
1041,2021-11-08,7.38,7.44,7.28,7.41,2.43,GMAT3
1042,2021-10-08,7.3,7.42,7.25,7.38,2.92,GMAT3
1043,2021-09-08,7.37,7.48,7.3,7.3,2.94,GMAT3
1044,2021-06-08,7.48,7.54,7.36,7.39,8.27,GMAT3
1045,2021-05-08,7.56,7.61,7.38,7.48,3.97,GMAT3
1046,2021-04-08,7.1,7.56,7.07,7.56,7.59,GMAT3
1047,2021-03-08,7.24,7.24,6.98,7.15,9.37,GMAT3
1048,2021-02-08,7.25,7.26,7.16,7.2,5.56,GMAT3
1049,2021-07-30,7.44,7.44,7.15,7.17,5.25,GMAT3
1050,2021-07-29,7.48,7.51,7.3,7.43,4.81,GMAT3
1051,2021-07-28,7.59,7.59,7.38,7.45,5.76,GMAT3
1052,2021-07-27,7.57,7.61,7.47,7.59,2.49,GMAT3
1053,2021-07-26,7.8,7.8,7.58,7.58,2.95,GMAT3
1054,2021-07-23,7.8,7.8,7.65,7.8,2.52,GMAT3
1055,2021-07-22,7.76,7.91,7.66,7.8,4.29,GMAT3
1056,2021-07-21,7.66,7.78,7.57,7.78,4.3,GMAT3
1057,2021-07-20,7.53,7.66,7.48,7.66,2.95,GMAT3
1058,2021-07-19,7.54,7.59,7.45,7.52,2.83,GMAT3
1059,2021-07-16,7.75,7.77,7.6,7.6,3.17,GMAT3
1060,2021-07-15,7.67,7.76,7.62,7.73,3.29,GMAT3
1061,2021-07-14,7.64,7.67,7.56,7.66,4.45,GMAT3
1062,2021-07-13,7.45,7.65,7.44,7.6,6.61,GMAT3
1063,2021-12-07,7.52,7.55,7.38,7.46,6.29,GMAT3
1064,2021-08-07,7.4,7.49,7.38,7.49,4.02,GMAT3
1065,2021-07-07,7.53,7.58,7.42,7.49,5.78,GMAT3
1066,2021-06-07,7.58,7.6,7.4,7.53,5.91,GMAT3
1067,2021-05-07,7.76,7.76,7.51,7.6,6.04,GMAT3
1068,2021-02-07,7.8,7.84,7.65,7.76,5.94,GMAT3
1069,2021-01-07,7.94,7.97,7.7,7.79,6.62,GMAT3
1070,2021-06-30,7.91,7.92,7.77,7.92,4.65,GMAT3
1071,2021-06-29,7.82,7.92,7.7,7.92,1.93,GMAT3
1072,2021-06-28,7.81,7.86,7.69,7.78,4.83,GMAT3
1073,2021-06-25,8.07,8.07,7.81,7.81,3.84,GMAT3
1074,2021-06-24,8.01,8.06,7.91,8.06,3.15,GMAT3
1075,2021-06-23,7.92,8.09,7.9,8.01,2.5,GMAT3
1076,2021-06-22,7.84,7.97,7.76,7.97,2.04,GMAT3
1077,2021-06-21,7.73,7.85,7.69,7.85,3.8,GMAT3
1078,2021-06-18,7.84,8.03,7.62,7.62,19.07,GMAT3
1079,2021-06-17,7.92,7.92,7.75,7.83,3.53,GMAT3
1080,2021-06-16,7.89,7.94,7.84,7.89,2.53,GMAT3
1081,2021-06-15,7.9,7.99,7.84,7.88,2.62,GMAT3
1082,2021-06-14,8.04,8.04,7.88,7.88,5.99,GMAT3
1083,2021-11-06,8.02,8.09,7.93,7.99,1.85,GMAT3
1084,2021-10-06,7.94,8.06,7.92,8.03,2.34,GMAT3
1085,2021-09-06,7.93,7.95,7.88,7.92,1.63,GMAT3
1086,2021-08-06,7.95,8.01,7.85,7.93,3.64,GMAT3
1087,2021-07-06,8.05,8.15,7.87,7.92,7.55,GMAT3
1088,2021-04-06,8.1,8.2,8.01,8.03,4.93,GMAT3
1089,2021-02-06,8.2,8.25,7.96,8.09,4.43,GMAT3
1090,2021-01-06,8.17,8.28,8.09,8.2,2.9,GMAT3
1091,2021-05-31,8.1,8.16,7.98,8.15,1.94,GMAT3
1092,2021-05-28,8.12,8.17,8.03,8.1,2.67,GMAT3
1093,2021-05-27,7.95,8.2,7.94,8.1,13.47,GMAT3
1094,2021-05-26,8.03,8.13,7.87,7.92,3.19,GMAT3
1095,2021-05-25,7.96,8.08,7.94,7.99,3.69,GMAT3
1096,2021-05-24,7.78,8.0,7.76,7.92,3.99,GMAT3
1097,2021-05-21,7.65,7.8,7.59,7.8,3.54,GMAT3
1098,2021-05-20,7.7,7.73,7.55,7.64,4.6,GMAT3
1099,2021-05-19,7.66,7.74,7.63,7.69,1.64,GMAT3
1100,2021-05-18,7.82,7.85,7.7,7.7,2.1,GMAT3
1101,2021-05-17,7.83,7.89,7.76,7.77,2.81,GMAT3
1102,2021-05-14,7.76,7.84,7.66,7.84,3.35,GMAT3
1103,2021-05-13,7.5,7.66,7.49,7.62,4.15,GMAT3
1104,2021-12-05,7.67,7.73,7.4,7.44,5.38,GMAT3
1105,2021-11-05,7.76,7.79,7.63,7.68,4.15,GMAT3
1106,2021-10-05,7.85,7.95,7.73,7.82,3.84,GMAT3
1107,2021-07-05,7.82,7.88,7.72,7.84,5.68,GMAT3
1108,2021-06-05,8.07,8.07,7.67,7.78,6.82,GMAT3
1109,2021-05-05,8.08,8.17,8.0,8.04,2.31,GMAT3
1110,2021-04-05,8.1,8.17,7.95,8.05,4.02,GMAT3
1111,2021-03-05,8.15,8.19,8.01,8.09,7.06,GMAT3
1112,2021-04-30,8.0,8.15,7.96,8.15,7.21,GMAT3
1113,2021-04-29,7.88,8.03,7.8,8.0,2.94,GMAT3
1114,2021-04-28,7.85,7.96,7.78,7.8,3.18,GMAT3
1115,2021-04-27,7.79,7.87,7.71,7.81,2.59,GMAT3
1116,2021-04-26,7.91,7.94,7.76,7.79,4.7,GMAT3
1117,2021-04-23,7.75,7.92,7.69,7.9,4.39,GMAT3
1118,2021-04-22,7.95,7.98,7.71,7.71,4.71,GMAT3
1119,2021-04-20,7.78,7.95,7.76,7.95,2.87,GMAT3
1120,2021-04-19,7.79,7.85,7.67,7.8,3.23,GMAT3
1121,2021-04-16,7.71,7.86,7.56,7.8,8.75,GMAT3
1122,2021-04-15,8.05,8.12,7.81,7.81,7.83,GMAT3
1123,2021-04-14,8.28,8.33,8.03,8.03,3.98,GMAT3
1124,2021-04-13,8.3,8.35,8.23,8.29,5.89,GMAT3
1125,2021-12-04,8.25,8.43,8.13,8.3,3.25,GMAT3
1126,2021-09-04,8.37,8.37,8.08,8.16,4.1,GMAT3
1127,2021-08-04,8.3,8.49,8.2,8.39,4.22,GMAT3
1128,2021-07-04,8.66,8.68,8.25,8.25,6.81,GMAT3
1129,2021-06-04,8.58,8.72,8.49,8.65,4.25,GMAT3
1130,2021-05-04,8.5,8.61,8.4,8.61,3.15,GMAT3
1131,2021-01-04,8.28,8.49,8.16,8.34,5.69,GMAT3
1132,2021-03-31,7.88,8.2,7.75,8.2,6.89,GMAT3
1133,2021-03-30,7.54,7.88,7.5,7.88,4.43,GMAT3
1134,2021-03-29,7.76,7.76,7.46,7.55,5.11,GMAT3
1135,2021-03-26,7.91,8.04,7.6,7.75,5.53,GMAT3
1136,2021-03-25,7.61,8.0,7.42,7.91,10.54,GMAT3
1137,2021-03-24,7.45,7.54,7.2,7.29,5.3,GMAT3
1138,2021-03-23,7.33,7.56,7.32,7.5,3.46,GMAT3
1139,2021-03-22,7.48,7.58,7.35,7.35,2.46,GMAT3
1140,2021-03-19,7.39,7.51,7.23,7.51,4.13,GMAT3
1141,2021-03-18,7.51,7.53,7.27,7.35,2.4,GMAT3
1142,2021-03-17,7.49,7.56,7.41,7.51,1.58,GMAT3
1143,2021-03-16,7.5,7.58,7.35,7.5,3.52,GMAT3
1144,2021-03-15,7.61,7.68,7.38,7.49,3.31,GMAT3
1145,2021-12-03,7.55,7.69,7.35,7.69,4.04,GMAT3
1146,2021-11-03,7.38,7.65,7.27,7.57,3.9,GMAT3
1147,2021-10-03,7.54,7.6,7.17,7.29,6.85,GMAT3
1148,2021-09-03,7.62,7.78,7.4,7.42,6.21,GMAT3
1149,2021-08-03,8.13,8.14,7.4,7.52,5.12,GMAT3
1150,2021-05-03,7.81,8.39,7.39,8.31,13.08,GMAT3
1151,2021-04-03,7.9,7.98,7.69,7.8,2.66,GMAT3
1152,2021-03-03,7.98,7.98,7.64,7.87,7.83,GMAT3
1153,2021-02-03,7.8,7.98,7.58,7.98,2.48,GMAT3
1154,2021-01-03,8.0,8.09,7.8,7.8,2.17,GMAT3
1155,2021-02-26,8.33,8.35,7.92,7.92,2.83,GMAT3
1156,2021-02-25,8.4,8.4,8.12,8.32,2.4,GMAT3
1157,2021-02-24,8.5,8.51,8.26,8.4,1.6,GMAT3
1158,2021-02-23,8.35,8.54,8.3,8.5,2.38,GMAT3
1159,2021-02-22,8.23,8.46,8.04,8.32,3.21,GMAT3
1160,2021-02-19,8.4,8.48,8.3,8.35,2.4,GMAT3
1161,2021-02-18,8.42,8.49,8.3,8.41,2.28,GMAT3
1162,2021-02-17,8.6,8.64,8.36,8.41,1.46,GMAT3
1163,2021-12-02,8.49,8.56,8.42,8.56,1.14,GMAT3
1164,2021-11-02,8.26,8.55,8.26,8.49,2.26,GMAT3
1165,2021-10-02,8.35,8.41,8.2,8.25,1.98,GMAT3
1166,2021-09-02,8.32,8.39,8.22,8.39,2.57,GMAT3
1167,2021-08-02,8.56,8.57,8.23,8.33,2.49,GMAT3
1168,2021-05-02,8.64,8.7,8.47,8.56,2.28,GMAT3
1169,2021-04-02,8.46,8.68,8.35,8.61,3.36,GMAT3
1170,2021-03-02,8.38,8.5,8.38,8.39,3.38,GMAT3
1171,2021-02-02,8.49,8.63,8.36,8.36,4.28,GMAT3
1172,2021-01-02,8.55,8.56,8.31,8.43,2.42,GMAT3
1173,2021-01-29,8.64,8.64,8.43,8.43,3.85,GMAT3
1174,2021-01-28,8.7,8.75,8.57,8.69,3.95,GMAT3
1175,2021-01-27,8.93,8.94,8.6,8.7,3.46,GMAT3
1176,2021-01-26,8.89,9.0,8.76,8.96,2.56,GMAT3
1177,2021-01-22,8.63,8.9,8.5,8.88,2.2,GMAT3
1178,2021-01-21,8.87,8.95,8.6,8.71,1.7,GMAT3
1179,2021-01-20,8.94,9.0,8.81,8.87,3.65,GMAT3
1180,2021-01-19,8.95,8.98,8.8,8.91,1.3,GMAT3
1181,2021-01-18,8.9,9.07,8.82,8.9,2.18,GMAT3
1182,2021-01-15,8.96,9.05,8.72,8.85,2.94,GMAT3
1183,2021-01-14,8.63,9.0,8.61,9.0,3.66,GMAT3
1184,2021-01-13,8.58,8.71,8.46,8.61,4.59,GMAT3
1185,2021-12-01,8.64,8.69,8.43,8.59,7.53,GMAT3
1186,2021-11-01,8.78,8.93,8.58,8.59,5.23,GMAT3
1187,2021-08-01,8.35,8.85,8.27,8.85,5.72,GMAT3
1188,2021-07-01,8.21,8.35,8.17,8.35,2.59,GMAT3
1189,2021-06-01,8.35,8.45,8.14,8.18,5.62,GMAT3
1190,2021-05-01,8.35,8.35,8.13,8.35,3.42,GMAT3
1191,2021-04-01,8.37,8.44,8.15,8.35,3.37,GMAT3
